timestamp,ch_1,ch_2,ch_3,ch_4,ch_5,ch_6,ch_7,ch_8,ch_9,ch_10,ch_11,ch_12,ch_13,ch_14,ch_15,ch_16,ch_17,ch_18,ch_19,ch_20,ch_21,ch_22,ch_23,ch_24,ch_25,ch_26,ch_27,ch_28,ch_29,ch_30,ch_31,ch_32,ch_33,ch_34,ch_35,ch_36,ch_37,ch_38,ch_39,ch_40,ch_41,ch_42,ch_43,ch_44,ch_45,ch_46,ch_47,ch_48,ch_49,ch_50,ch_51,ch_52,ch_53,ch_54,ch_55,ch_56
0.0,0.02285378,-0.022113318,0.20425045,0.11936777,0.12705842,0.09150863,0.27570134,0.3162761,0.23863836,0.45503503,0.36868814,0.39073414,0.28135926,0.26054668,0.51259834,0.42530012,0.42897004,0.4072228,0.30454454,0.40471897,0.36069143,0.38415286,0.40661815,0.25437143,0.28663966,0.39201584,0.3641197,0.23653008,0.15774938,0.20238753,0.30135652,0.03111054,0.105211,0.22403896,0.11159036,-0.021294836,0.0373924,0.019324554,0.08986902,-0.0604818,0.012468727,-0.07944516,-0.14136472,-0.10873195,-0.16046734,-0.13484526,-0.0655911,-0.14625582,-0.3873862,-0.09596558,-0.34240937,-0.19339123,-0.099689595,-0.24319056,-0.19815324,-0.10141551
0.0039,-0.012146635,0.15348516,0.27531174,0.22365996,0.33325255,0.23904249,0.34347135,0.39414397,0.25833467,0.47687083,0.32252905,0.41722298,0.41595447,0.305681,0.32642004,0.42249766,0.38313338,0.4267648,0.48141482,0.31410655,0.35961115,0.43040857,0.28530288,0.2039034,0.37562817,0.09090047,0.24388905,0.25259042,0.21266502,0.029059665,0.079276904,0.016952349,0.19986875,0.20192607,0.1521648,-0.0497023,-0.01916062,-0.1792289,-0.100590974,-0.09110106,-0.20498127,-0.08452457,-0.11951377,-0.24084648,-0.15552108,-0.17337081,-0.14515324,-0.15012382,-0.23166578,-0.22086032,-0.041205544,0.0030322385,-0.182703,-0.2594145,-0.012988157,-0.048287902
0.0078,0.18552046,0.2372581,0.2805696,0.42838964,0.38360357,0.2873128,0.50268286,0.43628606,0.40805477,0.27982315,0.31623155,0.45276335,0.4469082,0.46763155,0.29640388,0.39516184,0.44537354,0.5529286,0.40979582,0.35234657,0.14966042,0.3334791,0.25848365,0.24966964,0.14537992,0.27102062,0.23150422,0.16966896,0.18526725,0.032534853,-0.029451724,0.005589762,0.0384762,-0.014918238,-0.012054847,-0.14986928,-0.14961839,-0.15313199,-0.19710414,-0.21502168,-0.15733421,-0.24303316,-0.22717519,-0.20635521,-0.34098977,-0.23349342,-0.16199851,-0.15494719,-0.25013918,-0.36194795,-0.20919588,-0.27656564,0.07747561,-0.29300463,-0.11627503,-0.17240256
0.0117,0.2583616,0.2864178,0.4337919,0.20153071,0.41409934,0.48256874,0.44306192,0.471,0.37742817,0.54291594,0.41509932,0.4390851,0.49337113,0.33551636,0.2845442,0.4106312,0.3976576,0.18848668,0.36594996,0.2172746,0.24358995,0.23259865,0.2350786,0.0094257435,0.27465397,0.29774904,0.18645033,0.05361166,-0.1574734,-0.11275638,-0.064712584,-0.1442557,0.018262798,0.08034566,-0.16496332,-0.22071683,-0.14585777,-0.23803596,-0.25783524,-0.2022548,-0.32168517,-0.32188836,-0.36466253,-0.3927675,-0.224548,-0.30791304,-0.24969627,-0.2602712,-0.24907133,-0.3545481,-0.15753779,-0.16848116,-0.20790564,-0.09945883,-0.13769987,0.139905
0.0156,0.09319786,0.21446952,0.38280466,0.31388444,0.5353153,0.4958847,0.47267625,0.33891124,0.38165817,0.48740917,0.4542392,0.47658423,0.52163845,0.33820274,0.24983093,0.16802181,0.5324909,0.28261158,0.38391995,0.15975358,0.1920925,0.062372617,0.009657882,-0.19225258,0.12685396,0.28910187,-0.012193503,0.0055046394,-0.07702647,-0.26703012,-0.2286948,-0.11735091,-0.064004935,-0.25577247,-0.18929988,-0.26365468,-0.26813483,-0.44452533,-0.2860095,-0.31161165,-0.21437143,-0.27239248,-0.32028764,-0.34759796,-0.3983257,-0.22914197,-0.08381976,-0.067833394,-0.42335716,-0.40794724,-0.25304964,-0.08868063,-0.112172514,-0.09338822,-0.106059834,-0.09076151
0.0195,0.18498719,0.18647267,0.4222119,0.33167455,0.3821012,0.3031859,0.41779932,0.3805746,0.44906133,0.2537205,0.29538208,0.38947842,0.33572537,0.25930482,0.12486123,0.07569262,0.41590592,0.28992218,0.14755975,-0.13543905,0.062430184,0.06976272,-0.2572478,-0.123070136,-0.0017245637,0.13738026,-0.092554905,-0.2765272,-0.45557988,-0.2684677,-0.3363115,-0.22169964,-0.24477561,-0.38407645,-0.3334099,-0.28589535,-0.40371925,-0.20392895,-0.30935365,-0.40019044,-0.36439756,-0.4663166,-0.3494604,-0.14992903,-0.29194126,-0.20512973,-0.054577343,0.07796134,-0.38006172,-0.33761504,-0.32210094,-0.07766955,-0.15499839,-0.08666368,-0.07096193,0.21815598
0.0234,0.32553682,0.38638833,0.32538804,0.36172563,0.19590175,0.3616939,0.28633788,0.107075945,0.264318,0.28048974,0.32067597,0.2595638,0.16436301,-0.030812556,-0.04991909,-0.13822997,0.37621012,0.1299109,0.020145126,-0.15411557,0.12723616,0.16773987,-0.23571359,-0.30746427,-0.0695297,0.13712284,-0.11560102,-0.33720386,-0.38797173,-0.46321875,-0.18259485,-0.24681114,-0.22794966,-0.41453278,-0.4629888,-0.26796857,-0.28115198,-0.22792695,-0.36868387,-0.2305973,-0.43167055,-0.4695647,-0.35004938,-0.5350233,-0.2881371,-0.13058051,-0.036877353,0.012081358,-0.33489352,-0.2782952,-0.0787618,-0.0687586,0.04899889,-0.08865506,0.07463504,0.11293079
0.0273,0.31497627,0.35267282,0.41467777,0.31157944,0.17339164,0.2588922,0.22683667,0.10429782,0.22995538,0.31242323,0.36251763,0.16189454,0.14591788,-0.18416776,-0.1443966,-0.2205306,0.06767042,0.10655692,-0.072403714,-0.07289453,-0.18905655,-0.18489872,-0.18846858,-0.43074867,-0.13260747,-0.05104276,-0.14912252,-0.3620747,-0.2831235,-0.41933182,-0.3054636,-0.11816834,-0.17294233,-0.42696616,-0.53355944,-0.31489572,-0.46811378,-0.36586693,-0.16247013,-0.07088959,-0.36708894,-0.45731077,-0.3004296,-0.2797144,-0.14087242,-0.0010755302,-0.027857976,0.19908123,-0.43847525,-0.25411043,-0.24048768,0.013117949,0.074849114,0.16766539,0.27899176,0.20454901
0.0312,0.3494539,0.41245925,0.34780762,0.14106593,0.16812678,0.32935625,0.23427771,-0.022973161,0.25311124,0.20455688,0.2717089,0.08779936,-0.08981221,-0.08654421,-0.48289508,-0.25676668,0.19864811,0.030466177,-0.14179292,-0.20818089,-0.23542774,-0.313113,-0.4937802,-0.4949493,-0.06580376,-0.13788974,-0.38323137,-0.5133737,-0.4720501,-0.35364932,-0.24627636,-0.21007057,-0.34548143,-0.25969684,-0.47215572,-0.4297186,-0.3039276,-0.32905668,-0.071603276,0.0105424775,-0.4616223,-0.37703943,-0.39006636,-0.19788384,-0.07180411,0.035748135,0.08741353,0.07824918,-0.22542548,-0.24284114,-0.09187444,-0.0029661972,0.04606484,0.20312247,0.25918552,0.15252739
0.0352,0.28840598,0.40688807,0.19006161,0.09508952,0.053071268,0.023715617,-0.0890406,-0.23561576,0.26396242,0.01459953,0.26074103,0.056775995,-0.23527008,-0.29615948,-0.33210203,-0.276935,0.29407227,-0.08960211,-0.21202952,-0.22585496,-0.3407348,-0.47612676,-0.40880322,-0.207419,0.06589956,-0.1698272,-0.3765926,-0.47236374,-0.4264824,-0.44860965,-0.24638346,-0.12012896,-0.3249919,-0.44886214,-0.3804131,-0.24837461,-0.3107128,-0.141812,0.10816967,0.2161911,-0.4700651,-0.38074377,-0.23639688,-0.13328496,0.020775722,0.122634836,0.25621143,0.18564361,-0.19999973,0.13102171,-0.03875465,0.1842275,0.17094152,0.23163496,0.2597823,0.04997857
0.0391,0.41055474,0.33005267,0.22059725,0.020380914,-0.18187265,0.12984714,-0.16539773,-0.37300745,0.24721433,0.13105516,0.060115043,-0.06735233,-0.3961595,-0.429375,-0.4590252,-0.15890467,0.1736284,-0.10427355,-0.32160917,-0.2391505,-0.37850773,-0.45426464,-0.39824462,-0.26549232,-0.072462395,-0.27543554,-0.42922258,-0.47687262,-0.32234216,-0.27617735,-0.040885247,-0.03727406,-0.34895787,-0.4612302,-0.28721043,-0.252795,-0.25157595,-0.16180393,0.26121736,0.28464153,-0.42133293,-0.2886544,-0.3384053,-0.015195351,0.19108903,0.079819456,0.08814745,0.15613355,-0.18304569,0.09062152,-0.013694806,0.22546312,0.36774623,0.26038414,0.26975563,0.008970356
0.043,0.38704404,0.33483523,0.15356833,0.19467895,-0.18283965,-0.107944965,-0.2109796,-0.39379728,0.085904315,-0.07838676,0.11955485,-0.14957233,-0.46544883,-0.5010254,-0.33861995,-0.23430589,-0.122227214,-0.11536281,-0.43920407,-0.27864075,-0.30207103,-0.41719276,-0.30347025,-0.024728188,-0.17522469,-0.3911876,-0.40902677,-0.32701227,-0.4205604,-0.074438676,0.0006550656,0.16663636,-0.36717233,-0.41285402,-0.37054905,-0.35319823,-0.12414812,0.16060933,0.27192518,0.33047777,-0.36995384,-0.38769788,-0.12552461,0.12665844,0.43938386,0.25806746,0.12873478,0.29781175,-0.043706585,0.19302541,-0.020332914,0.13396642,0.41552222,0.33281502,0.34002882,-0.11449706
0.0469,0.31137973,0.24960601,0.23360695,0.086333774,-0.20998101,-0.29867667,-0.2982921,-0.6504028,0.20760216,0.0819598,-0.10968152,-0.21749632,-0.47025573,-0.4575992,-0.4018389,-0.29440427,-0.056249205,-0.21584618,-0.333144,-0.3245242,-0.28903535,-0.4032678,-0.19176354,0.09079228,-0.047120217,-0.41789135,-0.44915348,-0.362486,-0.17379893,0.11611389,-0.0070473966,0.12607177,-0.34906527,-0.19619523,-0.13741025,-0.14099811,-0.09739171,0.13513799,0.24885444,0.32722396,-0.47538292,-0.32986042,-0.036024988,0.21233812,0.43782824,0.21744806,0.13960417,0.28300393,0.010045894,0.18787964,0.08794784,0.28511456,0.25269702,0.36927408,0.20069055,-0.13134289
0.0508,0.36426502,0.22689581,0.11377093,-0.12058302,-0.20767093,-0.35182494,-0.42410722,-0.3716997,0.09838379,0.21218923,0.017392516,-0.37519076,-0.513613,-0.4550317,-0.17696787,-0.20892423,-0.16092488,-0.24985681,-0.24766871,-0.316489,-0.44893962,-0.29660735,0.006411759,0.1366703,-0.0103977965,-0.4970544,-0.4759257,-0.2197343,-0.04867674,0.3096849,-0.0101869535,0.13103889,-0.2828103,-0.13959199,-0.041820023,-0.142902,0.092913315,0.392144,0.5307397,0.3533591,-0.4610628,-0.14432319,0.19550194,0.34035575,0.34240013,0.18168166,0.13403709,0.09831745,0.13783629,0.13325699,0.08905537,0.1980121,0.3362655,0.25649068,0.040825363,-0.0801387
0.0547,0.2857561,0.09246043,0.007084739,-0.14000066,-0.27995217,-0.42767408,-0.603871,-0.31328228,0.3275572,0.15642762,-0.3139046,-0.271012,-0.39053762,-0.21143608,-0.01865289,0.032764178,0.03156841,-0.22992998,-0.2348738,-0.09936368,-0.42334008,-0.069868535,0.064074755,0.26732507,-0.1130166,-0.39485142,-0.30724257,-0.18024525,0.2120538,0.2916998,0.105529025,0.25037453,-0.22084902,-0.18873271,0.05301747,-0.10409095,0.15657464,0.28731567,0.33307886,0.3143184,-0.34725872,-0.16308346,0.17129529,0.3520786,0.5114488,0.20893247,0.12484599,0.12676387,0.090264365,0.24586378,0.2799706,0.46702442,0.49242136,0.10614632,-0.07441055,-0.37648293
0.0586,0.15699308,0.096110135,-0.0029132436,-0.20737109,-0.21180384,-0.5020766,-0.34571353,-0.18193066,0.14516184,0.1340268,-0.33785704,-0.43088192,-0.46137476,-0.22444521,0.18721174,0.09847238,-0.092245825,-0.20709324,-0.12045378,-0.1359418,-0.40650985,-0.00048025505,0.28535855,0.5045642,-0.14490616,-0.4402976,-0.38898426,-0.1388283,0.09324954,0.3480598,0.20827699,0.14249656,-0.33310986,-0.24346447,0.16515158,0.015782041,0.1960884,0.3896493,0.39818904,0.0211712,-0.26185703,-0.065019056,0.31163543,0.5724318,0.3098477,0.08884371,0.1466851,0.09199922,0.14979799,0.20646846,0.31622028,0.39079615,0.29928488,0.07902264,-0.026831549,-0.5132324
0.0625,0.2215903,0.096501075,-0.034178674,-0.26355964,-0.20761661,-0.4081732,-0.47369045,0.02294127,0.3670607,0.23283987,-0.28382552,-0.44915828,-0.53800875,0.03769106,0.096585184,0.0892314,-0.17085053,-0.31826138,-0.03183876,0.07551029,-0.15320092,0.011474427,0.2935222,0.5436617,-0.088672705,-0.4607075,-0.3032856,0.01745293,0.24801585,0.32431757,0.19143595,0.21379016,-0.1718229,-0.15514103,0.06527335,0.07062652,0.41854778,0.5067813,0.27167317,-0.0498035,-0.13869298,-0.07709795,0.19825569,0.39966002,0.3461464,-0.054820083,0.051551495,-0.099828646,0.08099939,0.24943514,0.31823635,0.47595167,0.25484243,0.034813974,-0.2237204,-0.2677252
0.0664,0.09797995,0.12413305,-0.059226677,-0.1257021,-0.0907456,-0.4857959,-0.090859644,0.11566225,0.24451275,0.2062931,-0.235856,-0.36278436,-0.2916508,0.04436531,0.29737148,0.10635457,-0.10431885,-0.13186288,-0.098802686,-0.12684079,-0.08348937,0.0488407,0.35760725,0.27301455,-0.08116139,-0.45523274,-0.32301977,0.16198389,0.26748112,0.3883043,0.17470115,0.15298049,-0.17272243,0.07211986,-0.025050202,0.1953433,0.3893784,0.3636332,0.14006907,-0.30551627,-0.2698244,0.16005984,0.34593976,0.4272719,0.22507738,0.013161338,-0.036567777,-0.1397275,0.036356173,0.22855788,0.31362933,0.3458307,0.22507426,-0.16929094,-0.29154283,-0.2018715
0.0703,0.2165783,0.022364397,-0.12601042,-0.19162457,-0.09426755,-0.5072494,-0.06381132,0.17175959,0.45300198,0.17013757,-0.36740023,-0.4974537,-0.14842896,0.09953759,0.25066996,0.24925789,-0.28975847,-0.18189567,-0.042441767,0.04658176,-0.0818623,0.34503722,0.3749858,0.3789347,-0.33699748,-0.3416399,-0.17366378,0.28328472,0.28629228,0.27870953,0.15129025,0.04220787,-0.17003852,-0.008662475,-0.107831284,0.24459329,0.45278335,0.3481315,0.08795192,-0.34663534,-0.15173833,0.3202949,0.3267445,0.27448073,0.117586404,0.06580737,-0.0723812,-0.12661602,0.09034422,0.19274603,0.53849316,0.17256638,-0.060427498,-0.28333476,-0.56938505,-0.09630649
0.0742,0.13351834,0.08751808,-0.055681497,-0.13107866,-0.1818794,-0.29789302,0.12936,0.35074714,0.33188584,0.052596778,-0.36317757,-0.36147478,-0.055465937,0.22425741,0.3639168,0.08626033,-0.15992232,-0.042465657,-0.09299665,-0.12180531,-0.08054003,0.326889,0.2852635,0.20643425,-0.34983674,-0.27725384,0.0029572016,0.25148025,0.442072,0.19367573,0.14535008,0.029413862,-0.03993326,-0.07071389,0.070065975,0.27160817,0.5160011,0.3180134,-0.09925437,-0.3129082,0.022095276,0.18129988,0.5703745,0.31732917,0.10702235,-0.03284186,-0.086824976,-0.25326252,-0.018802859,0.20340934,0.29306403,0.4474089,-0.14658138,-0.40304244,-0.42852256,-0.02378234
0.0781,0.116181396,0.030208807,-0.10297081,-0.26310396,-0.22072412,-0.31182775,0.1113029,0.42591843,0.17270374,-0.030810788,-0.40238675,-0.15709195,0.2010977,0.10697657,0.3408919,0.15839183,-0.060696017,-0.092433654,-0.038304318,-0.0155312605,0.02280043,0.2603816,0.39371213,-0.014094103,-0.3250237,-0.36847106,0.06885295,0.18309985,0.3243352,0.110358626,0.028665401,-0.18794182,-0.20274162,0.04441395,-0.042044505,0.1981504,0.49097186,0.07911406,-0.21593235,-0.535595,0.14153227,0.37425032,0.30848688,0.21734048,-0.17729346,-0.09295441,-0.28451046,-0.16577442,0.08805065,0.28190634,0.27011704,0.18029223,-0.21345331,-0.49857935,-0.3890532,0.22796603
0.082,0.077908255,0.04555859,-0.15040544,-0.2285531,-0.19725208,-0.12884276,0.16882923,0.43724725,0.14900525,-0.15745807,-0.46359608,-0.28046823,0.12515445,0.30951968,0.30872056,0.24576932,0.011183336,-0.060880497,-0.050320562,0.018721992,0.22298944,0.47110888,0.43852848,-0.07867934,-0.41780835,-0.3222153,0.1623112,0.19949654,0.22381501,0.06549634,0.006479995,-0.11251713,-0.27467886,0.034333605,0.113919,0.42670488,0.37863564,-0.10228197,-0.4242684,-0.37206998,-0.025649132,0.31672797,0.32148534,0.11066155,-0.12581591,-0.18135783,-0.084685236,0.024781251,0.06748158,0.21552885,0.3595644,0.0035657906,-0.19970748,-0.51046574,-0.17730282,0.16501893
0.0859,0.2251799,0.12031712,-0.03750672,-0.19512632,-0.27191865,-0.03291666,0.38277972,0.3960397,0.16920237,-0.28138548,-0.39221588,0.017879026,0.30247673,0.28986943,0.08739168,0.023984173,-0.1935582,-0.24810562,-0.13987264,-0.15730157,0.32818642,0.48850343,0.19943568,-0.34903875,-0.33985972,-0.09265737,0.21982615,0.30292827,0.15692511,-0.097013146,-0.15538321,-0.18635705,-0.14027469,-0.12084047,0.20242417,0.37798503,0.23766355,-0.24690847,-0.44307745,-0.12634104,0.042461585,0.19703512,0.2722448,-0.07089268,-0.105793834,-0.2876209,-0.21525015,-0.118466966,-0.019381898,0.32439622,0.31086162,0.06514531,-0.29335776,-0.52944976,0.01360068,0.38464323
0.0898,0.1309585,-0.09118938,-0.076359384,-0.2144234,-0.27758646,0.07312547,0.4030525,0.370266,0.10289601,-0.36031047,-0.40301007,0.13012402,0.27790096,0.32310542,0.110980116,-0.11870795,-0.08143341,-0.23322585,-0.17198151,-0.064389,0.19161771,0.18996976,0.07884171,-0.39981487,-0.5455003,-0.20524217,0.3825027,0.13150933,0.08005289,-0.17049372,0.0678509,0.060904954,-0.33865926,-0.107619375,0.049879182,0.46369705,0.059164394,-0.21280615,-0.5043512,-0.09575483,0.16777149,0.2566502,0.0856172,-0.10761382,-0.253204,-0.04326095,-0.15793863,0.04759163,0.08997762,0.34034064,0.36274216,0.030966688,-0.3672979,-0.2372492,0.119455755,0.44635174
0.0938,0.12260493,-0.045064833,-0.2794252,-0.23962979,-0.21554992,0.37969154,0.37169784,0.08380762,-0.06809676,-0.4196933,-0.35486135,0.065545864,0.29551902,0.06051337,0.066780366,-0.09019721,0.0074747163,-0.33712626,-0.2385303,-0.029556775,0.36129987,0.23992775,-0.14511383,-0.4932327,-0.22701755,-0.0006461075,0.20230775,0.4057357,0.01766584,-0.11531666,-0.17014693,-0.11968059,-0.40540764,-0.117050484,0.28622362,0.42101195,0.074997224,-0.32433268,-0.42541653,-0.029462839,0.12845266,0.2346836,0.10859217,0.036205687,-0.2492521,-0.16014834,-0.05719971,0.08849192,0.07083281,0.21546023,0.26645178,-0.23320752,-0.44992712,-0.17791972,0.17684172,0.42830336
0.0977,0.14189836,-0.07361766,-0.20161915,-0.384838,-0.117965,0.30642113,0.37862855,0.031602964,-0.13724948,-0.494358,-0.16853319,0.18132696,0.23283257,0.22051379,-0.21867244,-0.19807251,-0.20333052,-0.33573434,-0.20341711,0.04844811,0.52248996,0.19844986,-0.26259914,-0.4813546,-0.45975906,0.13598505,0.1544049,0.2702545,-0.10027081,-0.3897335,-0.1382292,-0.1329928,-0.21227239,-0.040458385,0.4197725,0.31922668,0.02905332,-0.33929193,-0.3345261,0.19528304,0.13824,0.25669652,0.12771316,-0.16900964,-0.19628179,-0.15700075,-0.037968628,0.095247135,0.07606434,0.38233224,0.14742717,-0.31108028,-0.33773917,-0.07117847,0.3063714,0.40343183
0.1016,0.22129683,-0.16199695,-0.16786328,-0.21573284,-0.059517067,0.3695446,0.50815606,-0.033386175,-0.14493796,-0.4463765,-0.21833941,0.29624242,0.26817536,0.12522279,-0.09000717,-0.2832623,-0.11352219,-0.22246419,-0.17922378,0.28946504,0.3764823,0.149538,-0.27527726,-0.4000912,-0.42560926,0.18672812,0.20054513,0.12785149,-0.06964889,-0.20909035,-0.09415502,-0.13459091,-0.27421814,-0.05804652,0.46356744,0.36498195,-0.13683966,-0.4669284,-0.06378423,0.17799057,0.22778873,0.28069586,0.06274251,-0.07112073,-0.13376807,-0.14303033,0.057362888,0.16774125,0.22484462,0.33675903,0.10243675,-0.35522,-0.38271683,0.08724746,0.46760726,0.35947156
0.1055,0.21936074,-0.07268422,-0.21107936,-0.30860412,0.15160182,0.240057,0.26337558,-0.39229771,-0.23137905,-0.34499913,-0.04419841,0.21494828,0.1768926,0.09371073,-0.08576079,-0.11225578,-0.17018907,-0.22737704,-0.038031224,0.3159347,0.47265294,-0.06467784,-0.26671216,-0.368517,-0.20749682,0.16389984,0.21798423,0.04308745,-0.10766784,-0.2443336,-0.1306489,0.12891103,-0.23923531,0.026266124,0.2686546,0.23168634,-0.5222065,-0.5402736,-0.07425837,0.2696999,0.33139312,0.35500652,-0.14580728,-0.1889655,-0.25564548,0.042946495,0.081402406,0.30600348,0.3355782,0.3942492,0.016495911,-0.50513077,-0.24669243,0.22466166,0.48403808,0.18038365
0.1094,0.22909547,-0.010125692,-0.25362918,-0.14324486,0.30592728,0.31845438,0.16146791,-0.34819362,-0.3540118,-0.24409027,-0.10127539,0.33673537,0.19841379,-0.05739745,-0.18370081,-0.037756342,-0.09644661,-0.4318782,-0.05079916,0.40467402,0.35610968,-0.20722672,-0.3299245,-0.03240822,-0.23043925,0.19675899,0.17967236,0.15901996,-0.15581115,-0.061694667,-0.04645089,0.0626371,-0.27781272,0.09715173,0.36676672,0.14512704,-0.28197917,-0.55613655,-0.060900915,0.43858778,0.11523372,0.07773141,-0.034002878,-0.039319836,-0.11107096,0.06202053,0.09020771,0.2166228,0.43586093,0.260443,0.0527584,-0.49840283,-0.11714277,0.25550976,0.3941159,0.016836405
0.1133,0.23053963,-0.14021802,-0.35412937,-0.109210014,0.22878902,0.35092303,0.021377712,-0.4603664,-0.311529,-0.094261594,0.0791701,0.22746217,0.114311256,-0.017693536,-0.25176024,-0.076888524,-0.2942415,-0.3678599,0.088100865,0.4798919,0.15418524,-0.19777061,-0.3584094,0.049049757,-0.112213366,0.3388801,0.23535204,-0.038534943,-0.09731145,-0.18302622,0.015531286,0.074145116,-0.3003618,0.39027324,0.30266854,0.03147722,-0.33764222,-0.07621005,0.34404147,0.45052767,0.31806216,0.12187191,0.07644562,-0.16721588,-0.26947078,-0.028380165,0.25440684,0.20623402,0.44577464,0.28202587,-0.16849567,-0.31209925,0.060673602,0.36336222,0.29993802,-0.061531678
0.1172,0.35143885,-0.16191643,-0.4285591,-0.110658035,0.41694498,0.20126207,-0.050174404,-0.44785044,-0.20905074,-0.15860564,0.07474683,0.23397766,0.0074025383,-0.23142771,-0.08171556,0.0026805354,-0.34009776,-0.30629072,0.027043326,0.29654995,0.12751463,-0.37478355,-0.34878364,0.3076989,-0.1048793,0.012749939,0.2945729,-0.059778422,-0.09742943,-0.19496082,0.01303822,0.18296106,-0.22191826,0.2596783,0.37140003,0.07395538,-0.4628263,-0.13649255,0.38474327,0.42607856,0.1505593,0.07068253,0.041675273,-0.19723266,-0.08114272,0.17641594,0.20439337,0.23146857,0.51615983,0.21145241,-0.31467095,-0.4290867,0.052599598,0.38774905,0.16866545,-0.18573573
0.1211,0.14442869,-0.15497246,-0.4329161,0.07985427,0.42556527,0.27032128,-0.27770668,-0.4400412,-0.1014275,-0.05419115,0.26349702,0.18989694,0.10268501,-0.08389178,-0.23193003,0.048998162,-0.30779836,-0.20366174,0.42605665,0.48889115,0.044813454,-0.3590105,-0.2306405,0.29901996,-0.12911952,0.16288722,0.28803462,-0.061279837,-0.16471645,-0.16169178,0.17526071,0.20612094,-0.07872932,0.56871235,0.27011636,-0.1984468,-0.36877525,-0.03427935,0.41051832,0.17676182,0.20525134,0.030052176,0.08872267,-0.19824196,-0.14821856,0.115518935,0.16801228,0.034259178,0.36233103,0.1267959,-0.3150923,-0.43130666,0.14721793,0.6032333,0.046466637,-0.27410153
0.125,0.11158177,-0.195161,-0.28916472,0.24140297,0.44894147,0.023006154,-0.4932941,-0.29164946,-0.03559539,-0.046201937,0.21980385,0.24638101,0.016919985,-0.20341256,-0.14375097,0.19341983,-0.5069517,-0.30912042,0.35574454,0.28623545,-0.11523682,-0.5106865,-0.17122047,0.3660337,-0.21146612,0.26427576,0.18441735,-0.009632107,-0.14565925,-0.20435955,0.066992156,0.17927672,-0.07353799,0.38655514,-0.07078812,-0.25567177,-0.36800733,0.111721724,0.40673816,0.081220746,0.2839327,0.1273171,-0.079085626,-0.21594232,-0.036989655,0.10671895,0.17466792,-0.08447393,0.37191638,0.06700573,-0.5801649,-0.33076426,0.37371892,0.44163904,-0.052624382,-0.544492
0.1289,0.05506656,-0.3521246,-0.2276056,0.35868394,0.3588349,-0.0034458183,-0.395485,-0.013820113,-0.069355085,-0.16337274,0.31596142,0.27214754,-0.0841254,-0.27275085,-0.1190802,0.22756387,-0.44744232,-0.21391617,0.45651388,0.24586251,-0.21217774,-0.52167994,-0.078992516,0.5805253,-0.15817036,0.17264374,0.28509864,0.017220927,0.009604647,-0.1809686,0.3516409,0.08516207,0.12444785,0.5624291,0.0006968211,-0.40030986,-0.41001505,0.11008662,0.33604595,-0.07871103,0.17587475,0.12213209,0.08190374,-0.17975183,-0.10156326,0.14272028,0.03315816,0.06638299,0.4694436,-0.2500337,-0.42503232,-0.12832084,0.4582001,0.29389128,-0.16858166,-0.46198604
0.1328,0.11995951,-0.28786847,-0.08115376,0.37885314,0.14982621,-0.11999201,-0.3253665,-0.10165951,-0.0913038,-0.13399433,0.18442191,0.1328679,-0.0669928,-0.23421472,-0.042067952,0.23052281,-0.47410995,0.03363238,0.5515968,0.13310044,-0.11371126,-0.3222632,0.08675149,0.3864796,-0.25297767,0.2841523,0.08051696,0.048882388,-0.01508054,-0.117275394,0.28586942,0.031421755,0.13942294,0.36977136,-0.012485849,-0.31468377,-0.18185759,0.26392213,0.47308922,-0.23917742,0.11927501,-0.0070836116,-0.036135197,-0.24068926,-0.1193429,0.1028886,0.2026505,-0.10685293,0.1365861,-0.25662318,-0.36276737,-0.25796527,0.36405483,0.27658048,-0.2881476,-0.5138135
0.1367,0.108730175,-0.41176438,-0.0023643097,0.55099463,0.03841739,-0.14964105,-0.4266248,0.050753072,-0.0604561,-0.2323206,0.25351852,0.012173243,-0.10451504,-0.1494995,-0.11255514,0.44965664,-0.44388238,-0.058112357,0.45338145,0.072010204,-0.3737133,-0.2875915,0.2988356,0.34001192,-0.16933148,0.17902766,-0.02753581,0.023373839,-0.27586666,-0.10844456,0.25517774,-0.034710433,0.24842897,0.22443464,-0.13441762,-0.45697492,-0.2715694,0.5301211,0.21582167,-0.33516425,0.19020179,0.13980451,0.05663455,-0.3565007,-0.07558863,0.04402102,-0.09309208,-0.084991835,0.1810483,0.03914954,-0.40411723,0.013112282,0.33915776,0.14933504,-0.32605392,-0.33290887
0.1406,-0.040015597,-0.4949584,0.006147517,0.5235938,0.00067613577,-0.28152213,-0.3010964,0.16853775,-0.19065778,-0.14116448,0.17509612,-0.011155186,-0.17824669,-0.21048704,-0.07410969,0.30638504,-0.34779197,0.13959078,0.49899575,-0.14023206,-0.27521518,-0.1397309,0.3659795,0.2837163,-0.2638088,0.18188651,0.16570987,-0.074977785,-0.28368932,-0.039328355,0.033124402,-0.095773,0.2903342,0.37050906,-0.17901541,-0.47279724,-0.0677894,0.48750106,-0.056081787,-0.44299904,0.12372461,0.057115663,-0.10378243,-0.29000488,0.10233919,0.16857813,-0.05283798,-0.22383055,0.075084485,-0.09416739,-0.41364688,0.28087983,0.4983006,-0.16246441,-0.32017452,-0.22378598
0.1445,-0.1538973,-0.4727541,0.02446581,0.40512368,-0.051258624,-0.30588663,-0.24688645,0.49028274,-0.19452657,-0.19882873,0.20929828,0.06546983,-0.11941217,-0.116173565,0.040413037,0.24239807,-0.33332178,0.25813842,0.23439716,-0.36714858,-0.4231771,-0.13388239,0.3294135,-0.01722537,-0.29145008,0.1421458,-0.05667232,-0.02536529,-0.30231747,0.0042044814,0.038710825,-0.14522368,0.33330283,0.30829364,-0.23312978,-0.4792914,0.042185992,0.37928948,-0.043861367,-0.35120878,0.18232015,0.1539204,-0.30817613,-0.36579198,0.1906398,0.049494088,-0.12568864,-0.13022146,0.09556996,-0.12701038,-0.35695243,0.3430214,0.23889399,-0.17659235,-0.3284282,-0.17545119
0.1484,-0.21380459,-0.5172674,0.18888567,0.42458633,-0.39894196,-0.33249474,0.028019618,0.37598923,-0.30047938,-0.31441468,0.20593816,0.14422469,-0.18113133,-0.26981074,0.17419705,0.16491903,-0.3821245,0.33312395,0.42948776,-0.24778952,-0.40330452,-0.030551527,0.44191715,-0.03474581,-0.2860038,0.116267145,0.01977182,-0.18568115,-0.13493466,0.088923536,0.12159133,-0.12959874,0.34857604,0.0695723,-0.27733472,-0.417238,0.10576352,0.30327514,-0.10867672,-0.2989467,0.14051361,0.24718475,-0.14718467,-0.19825059,0.38471264,0.060069878,-0.15958847,-0.21360643,0.051460896,-0.111393124,-0.276752,0.3149439,0.16568157,-0.23849131,-0.26107994,-0.07331565
0.1523,-0.16353306,-0.43361807,0.31057298,0.4316508,-0.27847078,-0.37460327,0.08853564,0.40815493,-0.39370382,-0.16147721,0.15158017,0.009937913,-0.2147974,-0.27439934,0.33939892,0.037372906,-0.25743672,0.32737556,0.2481289,-0.2502993,-0.34612632,0.25218636,0.37864286,-0.19555917,-0.09035909,0.11002269,0.108963065,-0.31013528,-0.21463178,0.27133396,0.24015471,-0.21448831,0.27518368,0.059820123,-0.1768959,-0.4763947,0.29249454,0.27998638,-0.29109523,-0.24755204,0.23873231,0.17650543,-0.30106223,-0.12431175,0.30849105,-0.020445671,-0.18494709,-0.08169918,0.12358742,-0.0958147,-0.19278581,0.43423685,0.18561356,-0.23951899,-0.08029512,0.16012119
0.1562,-0.21379055,-0.3392281,0.341369,0.3355879,-0.24886873,-0.26370907,0.19332398,0.32905903,-0.33336464,0.028718913,0.09197214,-0.070024654,-0.27484712,0.019268723,0.11782757,-0.17565945,-0.09187407,0.3257664,0.1032406,-0.33084756,-0.39676788,0.14511213,0.22949931,-0.262563,-0.07876747,0.17041281,0.051918264,-0.26361132,-0.11451654,0.3628598,-0.06911218,-0.25694266,0.2912826,-0.018486682,-0.14619295,-0.49253124,0.4512712,0.19066393,-0.43588775,-0.041948974,0.09250915,0.13390742,-0.34774825,-0.10380955,0.57856613,-0.055240314,-0.20705825,-0.07943319,0.11060151,-0.23191264,-0.1953071,0.47613537,0.10959848,-0.31923345,-0.0938726,0.2224966
0.1602,-0.28052145,-0.18495786,0.35236794,-0.0073491004,-0.34655976,-0.24075618,0.2875911,0.19386241,-0.39101824,-0.010702654,0.05240615,-0.0016855423,-0.18843164,0.02858831,0.30056635,-0.23924735,-0.20018388,0.41202235,0.1272364,-0.21411651,-0.25180408,0.44159752,0.17077057,-0.36094046,0.008291714,0.09451695,0.02897865,-0.31055486,0.091115355,0.2743873,-0.15828319,-0.15487327,0.26330024,0.024306808,-0.08617709,-0.21550715,0.50536484,0.24606216,-0.46358395,0.11241052,0.14723258,0.047845867,-0.46905193,0.02076794,0.5289724,-0.29797456,-0.041077387,-0.037632734,0.020096594,-0.16347508,-0.17389734,0.3886142,-0.07492997,-0.2977637,0.09175594,0.4274904
0.1641,-0.4153057,-0.04020926,0.42910644,-0.08378116,-0.26060253,-0.20559195,0.30994332,0.12051682,-0.38077307,0.14155856,-0.04228818,-0.09306787,-0.12500952,-0.060856774,0.21399567,-0.3719789,-0.063281156,0.3489002,-0.1173746,-0.21911897,-0.37275466,0.507105,0.034303118,-0.3424912,0.22892322,0.22980584,-0.06898334,-0.32638943,0.031414747,0.43885309,-0.25537935,-0.01270689,0.028862696,0.042634305,-0.078437224,-0.32136378,0.49637452,-0.04970723,-0.43396923,0.19953164,0.14523788,0.047647916,-0.26228103,0.24340053,0.3787915,-0.24696235,-0.18627505,0.06011277,0.106662564,-0.15649536,-0.24058776,0.46441707,-0.069318205,-0.28885233,0.08225787,0.5037199
0.168,-0.38276267,-0.19240531,0.36258474,0.011799908,-0.3014194,-0.15840603,0.36798105,0.17967494,-0.39481756,0.24800912,0.029311912,-0.11839677,-0.22093554,0.08410557,0.35525066,-0.37672925,-0.03079164,0.24573232,-0.08228187,-0.26487684,-0.09802731,0.4998198,-0.13434516,-0.40165436,0.112516455,0.21542887,-0.013125169,-0.36693758,0.1854068,0.39380717,-0.3914889,-0.11399905,0.22803508,0.021813953,-0.14279506,-0.0035277496,0.31479767,-0.24687529,-0.18671177,0.15534183,0.27384523,0.029446682,-0.425974,0.2102549,0.44725224,-0.16230604,0.023724135,-0.04599309,0.18113388,-0.26340085,0.09028395,0.5045275,-0.14305857,-0.122512914,0.18511036,0.45421475
0.1719,-0.4155303,0.021356253,0.32202372,-0.24404739,-0.19630037,0.013597121,0.26991537,-0.04185162,-0.39541873,0.20997843,0.13231522,-0.17679751,0.02624232,0.23121424,0.15341665,-0.39981154,0.028017012,0.25725994,0.034659747,-0.09866232,-0.22002557,0.3755684,-0.15577713,-0.3592232,0.37918854,0.25831166,0.023056787,-0.32829803,0.27116615,0.32069397,-0.25637698,-0.020977844,0.16753806,-0.06930432,-0.104742736,0.14813673,0.3114769,-0.26715004,-0.21102057,0.28787982,0.187949,-0.04171944,-0.24825056,0.24868134,0.13918114,-0.30677193,0.05103225,0.065144345,0.25617585,-0.32488757,0.13691543,0.23182857,-0.25788018,-0.24739403,0.19250159,0.36410117
0.1758,-0.4204998,-0.009728024,0.34420222,-0.3056853,-0.25040656,0.01692242,0.16566192,-0.3331634,-0.32602578,0.37897643,-0.05606436,-0.014806924,-0.08050731,0.2530942,0.08246169,-0.42498806,-0.051488437,0.24253164,-0.21309376,-0.19198112,0.04631088,0.32291228,-0.48126388,0.0011348175,0.2833436,0.10050043,-0.09752384,-0.22559898,0.27615398,0.14646931,-0.38490385,0.26540768,0.18747286,0.039679457,-0.26546624,0.11645331,0.365951,-0.3218354,-0.21808927,0.21811871,0.27070788,-0.15287016,-0.35432366,0.4375715,0.08013145,-0.17128271,0.026984366,0.21663883,0.38506636,-0.15794484,0.185125,0.31065583,-0.107119404,-0.107810706,0.21643557,0.41577768
0.1797,-0.37241954,0.17224166,0.2310598,-0.26183796,-0.25711036,0.086870015,0.2803221,-0.3099567,-0.30657122,0.2569169,-0.058194015,-0.3272452,-0.021457866,0.2876577,-0.028801223,-0.42401177,0.20257138,0.30655187,-0.023226866,-0.19481651,0.22180729,0.29396144,-0.5647687,-0.11440369,0.24194156,0.06533467,-0.2129511,-0.1001874,0.4655998,0.027940251,-0.33402258,0.37449634,0.0518523,0.14148706,-0.39888406,0.31760803,0.26915792,-0.483906,0.05430721,0.26228416,0.252883,-0.19938518,-0.32508746,0.35323325,-0.16633925,-0.27398208,0.14338985,0.16897157,0.23512293,-0.4225291,0.18856388,0.22433053,-0.2435608,-0.1555669,0.11810074,0.20341197
0.1836,-0.41044512,0.18390433,0.214775,-0.19326909,0.022138292,0.18182752,0.2077571,-0.4658364,-0.19703743,0.30426052,0.16122128,-0.09380497,-0.019345371,0.39315957,-0.120801695,-0.20565552,0.052490313,0.20934434,-0.01772965,-0.22122695,0.28937143,0.112702966,-0.44866857,0.048870154,0.12676054,0.19676396,-0.29791704,-0.2940913,0.35719833,-0.0018896584,-0.25374147,0.20027003,0.14241198,0.061621208,-0.29872558,0.2990223,0.13493773,-0.36794448,0.1442751,0.1263563,0.45204046,-0.38188255,-0.071923256,0.43145287,-0.05316233,-0.12305231,0.1287428,0.028558018,0.06316653,-0.41090047,0.36767378,0.12865616,-0.1871232,-0.045173474,0.18129937,0.042449433
0.1875,-0.3551475,0.10010378,0.1531962,-0.21820585,-0.103773445,0.34952784,0.17224924,-0.53198093,-0.2050601,0.3969147,-0.03682082,-0.20480712,0.11238306,0.2632968,-0.21658415,-0.09982304,0.19022122,0.22564684,0.0904162,-0.11408108,0.21573219,0.02045116,-0.4270773,0.33169684,0.21812227,0.4138235,-0.3172755,-0.17922388,0.5192457,-0.31744665,0.018707616,0.30220112,0.11469997,0.020763127,-0.34799358,0.4867963,0.20517747,-0.28191844,0.1870559,0.21184094,0.26237667,-0.39864507,-0.079331845,0.37594146,-0.4083983,0.054397255,0.080022775,0.10232918,0.06803137,-0.4093068,0.31786907,0.04452758,-0.35980287,0.09416151,0.201168,-0.07935456
0.1914,-0.37060246,0.3362341,-0.010263233,-0.23836917,-0.054548573,0.15100423,0.091393076,-0.26874232,-0.052345898,0.29370913,0.019973224,-0.2152778,-0.02320754,0.29570606,-0.30713916,-0.08391694,0.060277473,0.08527314,-0.18837233,-0.2174002,0.27703437,0.015833568,-0.34322616,0.5046976,0.1264749,0.28433502,-0.27405512,-0.047051795,0.33378163,-0.46854976,0.05450634,0.22740164,0.2920285,-0.07732337,-0.31332216,0.38069692,-0.042638287,-0.30443347,0.20165567,0.091082014,0.22548486,-0.33998358,0.023955716,0.3099307,-0.44942188,0.057791665,0.08493396,-0.060192827,0.009436034,-0.3452876,0.36200047,-0.013243249,-0.32632017,0.12316303,0.022813605,-0.17590584
0.1953,-0.3160944,0.235986,-0.00826369,-0.21940725,-0.11646583,0.31778795,-0.012205733,-0.1626457,0.026117599,0.1927454,0.029350836,-0.06831233,-0.0875457,0.23460801,-0.4070098,0.23309252,0.047293156,0.099474475,0.023035904,-0.19398549,0.3428923,-0.10658176,-0.31361964,0.43853846,0.0605829,0.13321471,-0.31549647,0.17094047,0.2649259,-0.5544544,0.17876288,0.16666286,0.17459609,-0.12387753,-0.40439492,0.26528865,-0.11775663,-0.29102784,0.2220015,0.041031923,0.31529868,-0.3651072,0.03316524,0.26058283,-0.4060652,-0.070184365,0.20126483,0.003962377,-0.12957093,-0.35778362,0.37283632,-0.0735396,-0.13958518,0.09320614,0.25573713,-0.19475615
0.1992,-0.24709558,0.24277052,0.10059849,-0.20735298,-0.10376038,0.10587057,-0.29378685,-0.04557993,-0.037770733,0.20735998,0.015769664,-0.25374684,0.14097089,0.12853102,-0.5186555,0.3844503,0.16953462,0.13714525,-0.18310492,-0.19056116,0.41464457,-0.34440172,-0.21282671,0.48381922,0.13764364,0.1837721,-0.42638275,0.19787912,0.11273002,-0.3052998,0.2708936,0.11149435,0.2525401,-0.05468838,-0.101346195,0.4427377,-0.179843,-0.17004673,0.37304413,-0.029756581,0.3875475,-0.439728,0.18624106,0.24814613,-0.24007635,0.19841263,0.16525725,-0.10763324,-0.1400178,-0.14051497,0.40844285,-0.06927188,0.010970301,0.21367815,0.27867234,-0.20012143
0.2031,-0.35718697,0.19282582,-0.11689668,-0.21415502,0.016659219,0.23292303,-0.31139448,-0.019155864,0.031300813,0.14629725,-0.16418459,-0.24833913,0.2814317,0.010399217,-0.32145825,0.5859261,0.13797079,0.16400157,-0.230072,-0.05133736,0.23040332,-0.30397785,-0.00024778658,0.18956083,0.03285127,0.17503606,-0.54155356,0.24916278,-0.00040457296,-0.25184354,0.26711553,-0.12159877,0.3970049,-0.3313613,-0.082397036,0.56098044,-0.32656774,-0.14644733,0.26994544,-0.17244159,0.20717247,-0.33621624,0.3283188,0.16008854,-0.22034732,0.32927722,0.09168907,-0.15863998,-0.41957876,-0.10462605,0.27227813,-0.16060618,-0.15843718,0.24032784,0.14807056,-0.34794843
0.207,-0.22441852,0.2058382,-0.19999337,0.018945057,0.019240435,0.28762755,-0.2860169,0.14093375,-0.024365608,0.1517547,-0.0848932,-0.19469862,0.30488923,-0.07611965,-0.28560644,0.40950128,0.06789229,0.11790385,-0.34926078,0.11120044,0.34098262,-0.38090837,0.111152686,0.18799023,0.09369166,-0.02203355,-0.335886,0.43031538,-0.09502801,-0.35991052,0.35135084,-0.22318617,0.33170578,-0.27127007,-0.042495176,0.43607333,-0.18941863,0.07369374,0.22422782,-0.20642729,0.15961905,-0.39114168,0.25381237,0.048730966,-0.21881302,0.44681215,-0.011798497,-0.15831982,-0.26350346,-0.14323628,0.37181494,-0.23900568,-0.030066561,0.14166243,0.090962775,-0.25023252
0.2109,-0.18955986,0.26372492,-0.18444727,-0.14123553,0.16192044,0.14743884,-0.13715392,0.32744345,-0.03732337,0.22222432,-0.20819235,-0.13064663,0.3508785,-0.19929245,-0.06003957,0.39509463,0.105045885,0.3005523,-0.39773506,0.16970322,0.30401057,-0.3283399,0.3889412,-0.05724791,0.20107292,0.13576372,-0.40760866,0.49784267,-0.3704829,-0.22369789,0.37042323,-0.266525,0.31440812,-0.3861973,0.0247902,0.30117676,-0.48044062,0.20087509,0.1297077,-0.046666905,0.19954966,-0.41156423,0.34251848,-0.07901769,-0.08307279,0.29958633,-0.05625901,0.043474175,-0.373443,0.019856663,0.23614141,-0.30411264,-0.097034015,0.17300652,0.013734312,-0.14870301
0.2148,-0.15933782,0.19243377,-0.042334754,-0.111013286,0.23655981,0.058431286,-0.18909003,0.38442412,-0.110507436,0.15658976,0.07570182,-0.16022426,0.44361636,-0.38629758,-0.043485876,0.30409104,0.03120533,0.27241054,-0.33300233,0.28563553,0.18128264,-0.3895574,0.34738767,-0.009328426,0.37938586,-0.033515822,-0.2429974,0.44618174,-0.3114831,-0.061571892,0.28978908,-0.33384132,0.43794256,-0.41337085,0.27875802,0.29202226,-0.45338634,0.18443662,0.054616693,-0.17649324,0.10452838,-0.43527687,0.35907966,-0.186577,-0.10592175,0.16823944,-0.12303472,-0.18267561,-0.35404253,0.065073445,0.19102065,-0.27908015,-0.02795843,0.12594284,-0.12606728,-0.046719283
0.2188,-0.0941857,0.20775697,-0.042546283,-0.2243994,0.2953295,-0.06249865,-0.16048111,0.36538276,0.040900785,0.2582853,-0.24969132,-0.1994802,0.3617152,-0.32618478,0.047051925,0.31595513,0.06762422,0.1684435,-0.47416723,0.37987164,0.15162887,-0.3082568,0.4271033,-0.32378057,0.4078314,-0.08650464,-0.28880942,0.377568,-0.40860724,0.17959636,0.299711,-0.45116255,0.40731236,-0.50168157,0.19396333,0.25502294,-0.44925824,0.44599727,-0.081753984,-0.24093507,0.004548268,-0.17359167,0.380771,-0.38378787,-0.016923582,0.28825608,-0.27709,-0.06943411,-0.22127004,0.08422055,0.25527045,-0.21537662,0.065165766,0.20838858,-0.18425556,-0.020407356
0.2227,0.07017912,0.19095583,-0.05891783,-0.20128252,0.34534276,-0.07976567,-0.19515137,0.2646817,0.006850214,0.26982012,-0.231685,-0.09095584,0.35437202,-0.500993,0.30128577,0.20004298,0.044849627,0.20720805,-0.33676276,0.30487517,0.032001726,-0.27558818,0.6302319,-0.41373423,0.5179593,-0.13931233,-0.22938314,0.42035374,-0.35193247,0.09458341,0.16745006,-0.30955663,0.33876538,-0.45998886,0.4931339,0.082173884,-0.20719998,0.3805595,-0.12673774,-0.031555086,-0.13651358,-0.1532313,0.4529361,-0.1964369,0.10758538,0.33939588,-0.17430612,0.022837035,-0.3935588,0.13649966,0.057448383,-0.27028295,0.034174934,0.06571086,-0.17020099,0.07177486
0.2266,-0.08233071,0.2497995,0.027473025,-0.22391106,0.47745138,-0.15326618,-0.13935797,0.33858743,-0.03587262,0.19448482,-0.2539477,0.13301475,0.15941791,-0.4422521,0.49767584,-0.0065041543,0.19851577,0.12580737,-0.4142861,0.38021076,-0.12332118,-0.13606368,0.39626366,-0.34562936,0.37131095,-0.116905704,-0.056552492,0.316938,-0.3819829,0.11497432,0.179136,-0.35882422,0.2822959,-0.39508668,0.29095,0.18821809,-0.18963625,0.17889759,-0.071598664,-0.05978306,-0.12112739,-0.0016818084,0.2716415,-0.39310163,-0.01692856,0.15085268,-0.15396325,-0.052735098,-0.23604517,0.12621395,0.140866,-0.1223344,-0.008963569,0.272641,-0.3628046,0.017332265
0.2305,0.072433524,0.11931601,-0.28780618,-0.33179855,0.27657068,-0.23223624,0.084167905,0.3147937,0.08918669,0.23776394,-0.3095582,0.10988125,0.060887784,-0.40158233,0.45607823,-0.089627415,0.123131014,0.097239636,-0.39878744,0.42662406,-0.3208748,-0.18700989,0.3754383,-0.31890926,0.45303264,-0.31872877,0.20186889,0.22899973,-0.43319383,0.45981595,0.05876821,-0.27809358,0.12603258,-0.37453058,0.4496199,-0.14386287,-0.20115447,0.14666405,-0.081102096,0.081321575,-0.31457624,0.10004907,0.18636094,-0.35156697,-0.046772677,0.17323941,-0.18169734,-0.047706872,-0.15297537,0.09103702,0.02646049,-0.13311048,0.006236731,0.19204752,-0.38672143,0.07542065
0.2344,-0.11629981,0.035974074,-0.091934405,-0.1771801,0.31072456,-0.21785386,0.03599529,0.019797485,-0.03351279,0.3866104,-0.114501014,0.20605363,0.16099969,-0.26549742,0.41410527,-0.34166518,0.33641168,-0.13549426,-0.2654791,0.3432465,-0.24808928,0.027065774,0.26998,-0.37195268,0.34391406,-0.44454512,0.17502312,0.10660467,-0.35074812,0.32028595,-0.21702844,-0.11286693,0.049538698,-0.23914164,0.2690662,-0.12036667,-0.12733616,0.15062962,-0.28769875,0.026941188,-0.30917108,-0.08931885,0.38601506,-0.19864038,0.054301146,-0.04781947,-0.027212331,0.06944568,-0.16276197,0.056658734,-0.15669526,-0.050166428,-0.018485943,-0.03015822,-0.31687254,0.14500487
0.2383,-0.011467793,0.23503011,-0.047774438,-0.13118486,0.31931734,-0.18661527,0.18052922,0.020612027,0.2673607,0.22991225,-0.048659556,0.21686442,-0.06396309,-0.3323412,0.29359943,-0.21407194,0.25329342,-0.13030335,-0.10062237,0.24002859,-0.39654088,0.157214,0.14113356,-0.23198172,0.20615575,-0.33931434,0.2183339,0.10580774,-0.24887368,0.30177107,-0.26238647,-0.012405047,-0.05926694,-0.15499693,0.3538115,-0.2187007,0.14057915,0.27210066,-0.20320459,0.048288513,-0.19596376,-0.027388958,0.092841454,-0.1467234,0.0900331,-0.04072618,-0.19022734,0.19875558,-0.27370262,0.032499727,0.02286998,-0.15480076,0.17651394,-0.060597613,-0.1778064,0.16526423
0.2422,0.024389021,0.14310005,-0.29838744,-0.07189682,0.21680053,-0.2471234,0.2484174,-0.13512543,0.09684162,0.010174661,-0.27471048,0.2431029,-0.22902648,0.03160558,0.37627912,-0.39623505,0.32876572,-0.2089303,-0.03789644,0.07959248,-0.4159175,0.25295174,-0.03578237,-0.11458065,0.22412495,-0.5541326,0.3147365,-0.051543567,-0.023936685,0.20405969,-0.20108195,0.19538115,-0.06484945,0.042646334,0.13449098,-0.39455143,0.15778095,0.1425543,-0.102331646,0.20492865,-0.2364878,-0.094690084,0.06413779,-0.18671535,0.07141874,-0.33661747,-0.105660185,0.124421425,-0.047092322,-0.11737966,-0.09575877,-0.1419266,0.20350313,-0.0418104,-0.19560626,0.09695025
0.2461,0.051008675,0.2667033,-0.29218498,0.10490414,-0.11690126,-0.22245164,0.40852877,-0.21595892,0.21391873,-0.11064238,-0.33966726,0.46204016,-0.3294615,0.056475356,0.025628544,-0.35601723,0.42882472,-0.23688103,0.09264889,0.0110918665,-0.36175996,0.39368835,-0.1799634,-0.033266827,0.1152515,-0.44916028,0.2221715,-0.089490116,-0.101031065,0.19784869,-0.48484698,0.18607776,-0.17031233,-0.04355341,0.15755703,-0.4229165,0.31887078,0.118344516,0.0079611605,0.013187101,-0.3213901,0.22772932,0.015352253,-0.033392068,0.18240266,-0.2933864,0.02056893,0.12095128,-0.17989963,0.14546032,-0.121384375,0.030421596,0.21958067,-0.17544201,-0.024762359,-0.048980452
0.25,0.05334209,0.22614443,-0.3654619,0.3871342,-0.17005277,-0.22359075,0.2653261,-0.28494325,0.24378636,-0.10796238,-0.40177384,0.34956452,-0.41299227,0.3299315,-0.10004727,-0.43585402,0.40926528,-0.3975207,0.23787524,-0.009091159,-0.29270995,0.4679003,-0.30270672,0.037961915,0.015649056,-0.35023543,0.31742465,-0.14725588,-0.0066610356,-0.0057485364,-0.41462418,0.2482916,-0.1999284,-0.16990165,0.20164594,-0.3443053,0.27432188,-0.07591177,0.038301636,0.116644636,-0.5081371,0.23398486,-0.0031607375,-0.119178206,0.14911182,-0.27981898,0.096492924,0.17633037,-0.23709552,0.18893676,-0.09932638,-0.022814548,0.11952304,-0.18250172,0.11830041,-0.07565525
0.2539,0.052459225,0.19773741,-0.41095844,0.36271694,-0.16839908,-0.042951517,0.08304147,-0.43707496,0.36941928,-0.07374282,-0.23659874,0.33875957,-0.47227016,0.30825096,-0.13797322,-0.31343582,0.40853295,-0.5871166,0.34252277,-0.07929422,-0.37926444,0.47549388,-0.4357111,0.28087404,0.033507634,-0.3945585,0.2413594,-0.2718728,0.032875597,-0.002073732,-0.4350919,0.38850117,-0.14148623,0.07911525,0.19611405,-0.41869462,0.3624052,-0.15411815,-0.11483435,0.11514357,-0.45292437,0.205576,0.009641969,-0.18481664,0.2370055,-0.34399295,-0.0029989977,0.002851045,-0.2668448,0.15750268,-0.078467175,-0.02769331,0.26888412,-0.31107527,0.17765735,-0.013604872
0.2578,-0.03833674,0.23669453,-0.38748303,0.51682115,-0.32772604,0.022308243,0.25227147,-0.4934696,0.45351648,-0.27235746,-0.2167739,0.44162884,-0.53808516,0.4094247,-0.42434323,-0.20605725,0.43767875,-0.50894547,0.28835896,-0.19264716,-0.28969383,0.4222343,-0.40837964,0.3690058,0.01516505,-0.34434065,0.5663479,-0.37886712,0.056015477,0.033301465,-0.3187623,0.42895493,-0.099886164,-0.022791333,0.25038952,-0.39219642,0.36894116,-0.2781425,0.08046019,0.02226169,-0.40275833,0.10888114,0.06740315,-0.07641625,0.31462944,-0.42833605,0.23324075,0.0034909362,-0.32321578,0.33368963,-0.18448491,0.058617417,0.2422597,-0.20913164,0.17221478,-0.14076692
0.2617,-0.048324693,0.34991837,-0.25509977,0.4734729,-0.40732628,0.051976476,0.09054454,-0.3538609,0.4080654,-0.19780016,-0.20713942,0.27123645,-0.54244334,0.5820404,-0.25151992,-0.08734694,0.5005004,-0.4380096,0.2561001,-0.15902153,-0.37456968,0.33424565,-0.2749003,0.43033713,0.031475812,-0.3466591,0.5371593,-0.27280596,0.21851087,-0.17025405,-0.30145666,0.29584727,-0.14715154,0.13109216,0.16061682,-0.50819206,0.29855117,-0.18669954,0.027355887,0.2371893,-0.3462065,0.18820073,0.027777022,-0.072805084,0.35115957,-0.35725817,0.23668347,-0.1579731,-0.43104067,0.4318637,-0.15535562,0.07426274,0.17302921,-0.33346465,0.3381602,-0.22464077
0.2656,0.054432906,0.34052867,-0.20097056,0.48891312,-0.44935283,0.15504159,0.062328972,-0.15071818,0.55022377,-0.2759919,-0.09795334,0.22633947,-0.3983011,0.39781722,-0.31495866,0.049135756,0.36170858,-0.41226482,0.33697808,-0.20510983,-0.16684659,0.39383748,-0.28536543,0.37849012,0.045578387,-0.17019598,0.41866714,-0.3030343,0.21990836,-0.041918874,-0.25102317,0.20437524,-0.021170266,0.072374985,0.229905,-0.28600517,0.31104812,-0.23767282,0.1366093,0.09185035,-0.40245554,0.19711858,0.07761003,-0.1502702,0.46649972,-0.2591918,0.0670214,-0.06909576,-0.36429322,0.51931995,-0.17039861,-0.050314944,0.12959558,-0.12975173,0.4421975,-0.29031396
0.2695,-0.014160383,0.15816347,-0.31754926,0.31542137,-0.42863557,0.12803876,-0.034966066,-0.13561071,0.4115481,-0.24728815,-0.033254102,0.19915982,-0.35105327,0.44978434,-0.26393983,0.20941237,0.36541617,-0.2550569,0.34222007,-0.0817439,-0.09767679,0.2344165,-0.26303694,0.21309827,0.016184218,-0.3415458,0.34924373,-0.11071004,0.29548106,-0.06559173,-0.09042401,0.20538832,-0.18320338,-0.09169969,0.32915932,-0.24784184,0.18960461,-0.23341969,0.14932443,0.14131978,-0.2983201,0.22790301,0.07028622,-0.22825757,0.35384887,-0.23178682,0.20159377,-0.11228277,-0.43694276,0.48716566,-0.21622694,0.16857532,0.04675396,-0.20899594,0.4106594,-0.2356058
0.2734,-0.07828299,0.120218985,-0.08172391,0.34445912,-0.30784068,0.17716528,-0.1315337,-0.013778805,0.37173426,-0.34581208,0.019373674,0.111486144,-0.12181027,0.26428422,-0.22253172,0.2230344,0.3267449,-0.2869406,0.1589234,-0.1599181,0.09666972,0.011346095,-0.10169355,0.26035926,0.14886905,-0.2047526,0.15959439,-0.23662959,0.26306555,-0.08537512,0.04107182,-0.005186766,-0.2442538,-0.00540324,0.17075674,-0.1962774,0.255879,-0.07258814,0.023310268,0.0246466,-0.11642155,0.17631617,-0.005195765,-0.17191878,0.2455127,-0.14337365,0.1115325,-0.08893999,-0.33344,0.45622537,-0.29846248,0.056946788,0.0503192,-0.26727763,0.31167203,-0.12023971
0.2773,-0.04305497,0.13231789,-0.13667622,0.25906444,-0.2525628,0.18232718,-0.121112816,0.02926954,0.22968294,-0.1327851,0.033820063,0.03446878,-0.06490576,0.17483394,-0.18563093,0.27798155,0.33253318,-0.26444998,0.15743987,-0.0833039,0.06133712,-0.05450723,-0.0944223,0.09162835,0.09306941,-0.19784014,0.18761176,-0.15315892,0.34732783,-0.13730134,0.15392885,-0.20486006,-0.03589706,-0.093452424,0.22531788,-0.0784094,0.20481357,-0.17013699,0.18224566,-0.046325043,-0.18808271,0.19580607,-0.016001401,-0.1780375,0.21437202,-0.002380891,0.08084341,-0.23378034,-0.31147665,0.45433098,-0.15086532,0.24034321,0.086982764,0.10217843,0.18201868,-0.014883783
0.2812,0.0045912135,-0.07810283,0.0893412,0.047621462,-0.1299808,0.14916697,-0.34496257,0.40365377,0.27294275,-0.1921659,0.039249923,0.071513906,0.05734241,0.02266586,-0.15319814,0.320104,0.196169,-0.20966895,0.12840009,-0.11962203,0.17503656,-0.29531795,0.08997287,-0.07004783,0.060301747,-0.019506454,0.26243162,-0.12674414,0.1462504,-0.21305229,0.17194657,-0.1617323,-0.14184183,-0.018046865,0.09498837,-0.046382938,0.14461692,-0.019926056,0.23276092,-0.21129449,-0.1729224,0.13263856,0.0040049166,0.007466329,0.12985826,0.014301189,-0.056525957,-0.14176467,-0.17215136,0.28698105,-0.049953368,0.039427266,-0.02531519,0.15263472,-0.06916926,0.105967306
0.2852,0.14870907,-0.06254441,0.05300303,0.017794402,-0.01751345,0.09806018,-0.29412907,0.40630051,0.18120454,-0.08268387,0.23543154,-0.15829666,0.102035604,-0.03999287,0.011403013,0.22960569,0.27345383,-0.0638683,0.13391545,-0.25522527,0.35228026,-0.27320948,0.30673486,-0.17358747,0.07365738,-0.02095994,0.062216267,-0.101578005,0.12104407,-0.32276356,0.44878808,-0.39445713,-0.11317393,0.083482996,0.031493563,0.029034654,0.04209927,-0.19409677,0.16355775,-0.30470675,-0.24054381,0.23361887,-0.2080837,0.025280258,-0.021901762,0.23865357,-0.00261036,-0.1856148,-0.23644774,0.2542028,-0.095930025,0.19009615,-0.20645335,0.22290543,-0.24215408,0.19362178
0.2891,0.16496384,-0.16506644,0.16958201,-0.08726572,0.013487812,0.27304444,-0.20320752,0.43149778,0.10873437,-0.211179,0.24651144,-0.45168617,0.2550894,-0.25832888,0.028271725,0.13415444,0.062428333,-0.13834536,0.072897315,-0.1873599,0.3293219,-0.37964612,0.44745243,-0.29788557,0.076292455,0.18584037,-0.061020087,-0.065724544,0.03693936,-0.22107755,0.4876297,-0.33540803,-0.2492712,0.18460493,-0.08736378,0.13940845,-0.09148756,0.17179419,0.14344391,-0.28339896,-0.26707184,0.20299649,0.0090660555,0.17743328,-0.1575481,0.15116608,0.021906747,-0.058358423,-0.19788079,0.08970007,-0.20650402,0.17766976,-0.21696202,0.35275045,-0.28458685,0.22662123
0.293,0.2522294,-0.2137031,0.27716815,-0.25773498,0.16842318,0.032511983,-0.27426237,0.42963663,0.07754836,-0.16256596,0.36589873,-0.32460177,0.37513915,-0.35680953,0.19459169,0.14607874,-0.0015216831,-0.063784085,0.17794733,-0.31356966,0.29626375,-0.46710107,0.3421024,-0.23946269,-0.05240107,0.08600792,-0.21341777,0.014589559,0.18382557,-0.28874183,0.34474105,-0.44698077,-0.22200055,0.24782458,-0.26383787,0.1978524,-0.030621335,-0.015032191,0.027936153,-0.22672991,-0.22209156,0.08415806,-0.27396524,0.3143183,-0.4361187,0.44365254,-0.15754108,0.12666506,-0.16454053,0.14444865,-0.031618066,0.064986624,-0.39675122,0.2976792,-0.42051423,0.2826858
0.2969,0.21585631,-0.36804762,0.56199425,-0.36227244,0.38491985,-0.029911954,-0.30038914,0.33991808,0.33768108,-0.19353367,0.4031488,-0.40296635,0.45673707,-0.37399042,0.25034645,0.07851177,-0.045569826,-0.10792095,0.011899934,-0.2699344,0.5912602,-0.32990864,0.38491958,-0.43119627,-0.19914658,0.29342908,-0.030154612,0.06068545,0.13710634,-0.3821604,0.37856486,-0.40406004,-0.31640172,0.2687753,-0.32259643,0.45883542,-0.13271317,0.10430913,0.16674532,-0.2629019,-0.24805352,0.30031726,-0.31728154,0.22284321,-0.58972085,0.43535435,-0.39015806,0.045152053,0.18499699,-0.11346691,-0.12531371,0.27782792,-0.29652166,0.2965688,-0.37459955,0.5082018
0.3008,0.30633277,-0.48313734,0.4401391,-0.40021506,0.046986364,0.0047695558,-0.06438644,0.18199538,0.13743368,-0.28479463,0.27038878,-0.4364944,0.4182369,-0.32717395,0.30934566,-0.020277325,-0.16955893,0.09339877,0.028726391,-0.34799108,0.31548572,-0.5236503,0.5614578,-0.37570184,-0.28769287,0.28559443,-0.17867471,0.12832682,0.16836359,-0.257383,0.3277438,-0.37115088,-0.29206592,0.5254961,-0.36553073,0.411023,-0.13295496,0.1487632,0.08664876,-0.23450771,-0.11476071,0.31397763,-0.4295068,0.32863456,-0.34341902,0.3527044,-0.23550093,0.0115296235,0.12898873,0.040406767,-0.24756993,0.09085958,-0.42602733,0.4299581,-0.39383072,0.30759206
0.3047,0.38469747,-0.56429774,0.35189918,-0.31076884,0.20105933,-0.053654667,0.04460909,0.06784242,0.08131764,-0.29357988,0.28909335,-0.43012336,0.4949646,-0.3277588,0.21734595,-0.22930674,-0.1745188,0.017679175,0.13780625,-0.27218306,0.3642622,-0.336533,0.3400065,-0.2643417,-0.26355368,0.28146982,-0.3320333,0.0782922,0.01517658,-0.23314436,0.1727545,-0.44364327,-0.34579685,0.37263858,-0.42402038,0.30005482,-0.14910708,0.0725726,-0.054902762,-0.16186024,-0.09542565,0.28287297,-0.46128708,0.4053448,-0.39638084,0.35735697,-0.2746417,0.09282323,0.06536729,-0.022662705,-0.0027740574,0.20916271,-0.29654795,0.4925035,-0.25195113,0.20661464
0.3086,0.3524698,-0.5213497,0.48148328,-0.27513173,0.107661575,-0.2154329,0.03377631,-0.08104175,0.17782797,-0.37970054,0.34469062,-0.4336761,0.37201887,-0.20836435,0.23829406,-0.21106318,-0.15036698,-0.07198242,0.15841523,-0.38040695,0.34572688,-0.14631958,0.3700067,-0.028548047,-0.52999073,0.35595846,-0.28411886,0.030052088,0.09405871,-0.1613215,0.014154743,-0.19170943,-0.36108103,0.3176746,-0.30164328,0.5370952,-0.27138788,0.19077642,-0.07525646,0.07193428,-0.20490119,0.29152378,-0.31491113,0.4241502,-0.37832963,0.3658338,-0.31918293,0.03384009,0.25975278,0.06422459,-0.13769567,0.29728338,-0.08164308,0.33349198,-0.26678258,0.09767027
0.3125,0.44032422,-0.48282182,0.36225703,-0.32457814,0.19627587,-0.052645106,-0.039112702,0.026555216,0.2635572,-0.41906714,0.31106994,-0.39350858,0.3616971,-0.09630207,0.120904915,-0.16834658,-0.028078916,-0.038396336,0.057231393,-0.2239493,0.27124345,-0.12501724,0.12562154,0.035567965,-0.29870734,0.35439298,-0.31425655,0.049504817,0.03439378,-0.17768958,-0.01153407,0.033694733,-0.31562713,0.34321138,-0.313068,0.34505334,-0.22093286,0.20765238,-0.106859244,0.1440301,-0.1326926,0.41058162,-0.21078365,0.3411667,-0.23832074,0.33976915,-0.16182777,0.0477579,0.2292812,-0.041868754,0.08058984,0.1447787,-0.27633676,0.31419587,-0.010690424,0.08207351
0.3164,0.37757024,-0.4629509,0.313479,-0.21956894,0.15210237,-0.15737642,0.21867731,-0.2294638,0.33474928,-0.22928318,0.4199867,-0.2792608,0.1766186,-0.19113803,0.08071741,-0.060724184,-0.109365135,-0.0009840983,0.09623779,-0.09568605,0.15333422,-0.08685812,-0.004950219,-0.0587241,-0.47884184,0.36932823,-0.2232582,-0.013257997,-0.03403577,0.16069609,-0.102640696,0.21452394,-0.38297504,0.5427447,-0.3099559,0.35508403,-0.1658937,0.09551142,-0.2232981,0.28986195,-0.046140686,0.1694987,-0.3927642,0.27797,-0.039042138,0.29846993,-0.05361544,0.16611893,0.005348796,0.045526173,0.049160287,0.073494464,0.078656025,0.14739692,0.20751333,0.049681634
0.3203,0.41054764,-0.27059647,0.3644616,-0.13402268,0.21209079,-0.2324418,0.08044506,-0.371952,0.34361824,-0.21804036,0.34747505,-0.28320935,-0.02290485,-0.09692651,0.12654535,-0.0677302,-0.13055454,-0.06081596,0.06519454,0.040220898,0.06005674,-0.041307468,-0.17601815,0.26143274,-0.4030444,0.32396752,-0.18668234,0.22746612,-0.170017,0.14133975,-0.2874839,0.17512268,-0.5616235,0.38355225,-0.31687403,0.3793583,-0.27267322,0.09686952,-0.23161717,0.349636,-0.021345356,0.37846702,-0.26996294,0.14320508,0.03465141,0.019820815,-0.08701128,-0.037524648,0.020968448,0.051418077,-0.035142366,0.14578627,0.004813284,-0.09275764,0.18940668,-0.19663449
0.3242,0.4082711,-0.29212144,0.23605347,-0.091175385,0.25910676,-0.044094604,0.24521567,-0.32632402,0.33828276,-0.27314204,0.34741655,-0.21774127,0.030183762,-0.0810788,0.036814917,0.08929804,0.01343964,-0.07402397,-0.0017994029,0.03794573,-0.041787576,0.06630067,-0.19463362,0.3331972,-0.2838313,0.27392372,-0.22553422,0.085214615,-0.10807438,0.3447731,-0.24929282,0.39190456,-0.3802863,0.33820617,-0.24722579,0.10966168,-0.22520092,0.14707941,-0.39346975,0.35585552,-0.11961646,0.22891657,-0.20465375,-0.02647696,0.104133695,0.046552863,-0.071555726,0.039651368,0.038530055,0.06503686,0.038503017,0.0013980423,0.027382487,-0.1374915,0.32171017,-0.1636062
0.3281,0.33459365,-0.39352378,0.18958113,0.00823628,0.20575279,-0.057091173,0.14935973,-0.41655794,0.20054007,-0.07457062,0.2266462,0.18324453,-0.032733984,0.23472407,0.05856435,0.17982763,0.052908618,-0.061152358,-0.04540141,0.21736576,-0.20449486,0.24859336,-0.24659383,0.1838411,-0.033119194,0.28026798,-0.114434995,0.22686133,-0.11757356,0.3518155,-0.23128654,0.35318,-0.3838418,0.21042591,0.027157474,0.17415272,-0.18740761,0.12276681,-0.16544306,0.3761383,-0.19522634,0.31124327,-0.055413518,-0.07235694,0.048640605,-0.25439912,-0.013551695,-0.039249957,-0.052249346,-0.086813375,0.21136044,-0.0829289,0.13701645,-0.21919122,0.27106932,-0.37042698
0.332,0.43669772,-0.23231384,0.10807784,0.0055458094,0.29265052,-0.15879156,0.10079446,-0.16572621,0.21370612,-0.068285,0.13518342,0.006780479,-0.12801929,0.14584914,-0.07402431,0.24383476,0.041911256,0.05009602,-0.20067787,0.3333783,-0.048925836,0.316183,-0.47160384,0.08696033,-0.03449653,0.15168372,-0.15333574,0.20714611,-0.4147843,0.41020703,-0.27989656,0.4469466,-0.34900594,0.13902348,-0.1503681,0.07603726,-0.045830645,0.2169212,-0.24047714,0.3064432,-0.12529969,0.18828747,0.13628323,-0.15237884,0.11486608,-0.21300416,0.16123319,-0.13354692,0.015820557,-0.026106076,0.1333398,-0.032648575,0.4749256,-0.41046062,0.41838542,-0.3453917
0.3359,0.33018735,-0.22075593,0.07872773,-0.15746954,0.034853864,0.11668344,0.10799162,-0.23226565,0.04490904,-0.0043599466,0.1259287,0.1665674,-0.2047434,0.18427773,-0.10110233,0.30136654,-0.11194158,0.048603367,-0.13509832,0.50923836,-0.30348504,0.37203774,-0.42405024,0.24011922,-0.093965836,0.3092864,-0.069345064,0.24155575,-0.3147207,0.5016108,-0.3447115,0.37192765,-0.2803215,0.0417973,-0.042020526,0.05781007,-0.012118827,0.13923617,-0.26966268,0.28007427,-0.07030321,0.023474164,0.1865777,-0.24440774,0.021282047,-0.18149887,0.2538131,-0.11721453,0.09139879,-0.29589304,0.107742175,-0.29006115,0.41431412,-0.44862288,0.40343004,-0.5002471
0.3398,0.32219505,-0.14240871,0.043109544,0.04563081,0.3108581,0.08316874,0.06755307,-0.027589858,-0.022526272,0.23989661,-0.015177427,0.13421744,-0.3054689,0.059854213,-0.035793934,0.16509996,-0.089990616,0.10341733,-0.29484943,0.31756714,-0.30180869,0.4251199,-0.2908272,0.2698529,-0.132725,0.11948824,-0.16967052,0.23828743,-0.5917521,0.38135293,-0.43511498,0.33217433,-0.19332503,0.07748275,-0.020162964,-0.0063713784,-0.048540853,0.048592582,-0.29142508,0.032902904,-0.30482882,0.006814725,0.15204379,-0.2719062,0.2524667,-0.4675253,0.25563112,-0.22775975,-0.029050145,-0.29838583,0.3400243,-0.30491534,0.38631892,-0.40546826,0.21490902,-0.46770576
0.3438,0.30559042,-0.041081563,-0.16363885,-0.11915529,0.17316312,0.08177738,-0.03347611,0.13929538,-0.13162215,0.08529844,-0.1308015,0.32624346,-0.35919788,0.16245872,-0.07053206,0.27946296,0.06777827,0.105950534,-0.45881838,0.35505798,-0.4104971,0.42888767,-0.2937502,0.22465603,-0.33566537,0.16152428,0.087566964,0.20750144,-0.2986904,0.3116773,-0.17996016,0.2300544,-0.18985409,-0.0054796366,-0.08167553,-0.11276468,0.11009403,0.060577814,0.06897782,-0.06243952,-0.016861398,0.041482877,0.2948648,-0.27983212,0.2764674,-0.5261026,0.24299403,-0.096881144,0.15053594,-0.450666,0.16636682,-0.2623076,0.4317306,-0.538904,0.20772797,-0.33060208
0.3477,0.24581756,0.051002104,0.014123679,0.0062214294,0.15119253,0.24446869,-0.0069994386,0.20435701,-0.22972825,0.30345663,-0.10588446,0.29862812,-0.2541065,0.19668913,-0.26373112,0.16417512,-0.076386034,0.2817048,-0.4318604,0.5911644,-0.42772508,0.42435086,-0.21675612,-0.04987261,-0.23779646,0.19367181,-0.18437387,0.19998834,-0.42746866,0.110870205,-0.14113025,0.043538008,-0.08619673,0.014137011,-0.14921851,-0.18202122,0.12347737,-0.18185289,0.1404983,-0.37871343,-0.1338169,-0.13254435,0.3696069,-0.2639144,0.26400572,-0.40517488,0.30716458,-0.19362266,0.2840252,-0.3382508,0.23468687,-0.4611052,0.4622653,-0.24547991,0.089219816,-0.19126861
0.3516,0.20187236,0.029367553,-0.11717444,-0.04829465,-0.11923388,0.1696063,-0.14325267,0.27615556,-0.121999,0.20867485,-0.28132278,0.36415896,-0.2406005,0.13241586,-0.18312836,0.02068933,-0.15078305,0.32676747,-0.43967533,0.2892071,-0.42695385,0.21493822,0.017762028,0.059068143,-0.3505502,0.17819224,-0.21267654,0.39104432,-0.23422946,-0.033057258,-0.02940548,-0.06554776,0.071265854,0.0049033663,-0.14214098,-0.14866441,0.242227,-0.12054897,0.2171102,-0.52881914,-0.089907564,-0.24301602,0.36628243,-0.34348598,0.2087803,-0.3023587,0.24238414,-0.13256608,0.29965344,-0.40910375,0.15195756,-0.25797838,0.37811464,-0.09880577,0.007651624,-0.10744027
0.3555,0.08349894,0.17377165,-0.15306886,-0.05009487,-0.20175514,0.17454965,-0.081633076,0.32955334,-0.18961823,0.18594812,-0.37471583,0.48120162,-0.2763423,0.22381327,-0.2985014,0.031989,-0.12126104,0.36931592,-0.33638138,0.08040524,-0.4771684,0.15137282,0.15108328,-0.3143588,-0.42415804,-0.04368223,-0.2243502,0.23904721,-0.17799245,-0.33412167,0.17488518,-0.2779763,-0.029570414,-0.041139502,-0.11685968,-0.24943751,0.31836787,-0.0985123,0.35181847,-0.44238797,-0.026217178,-0.31672648,0.30694062,-0.37890175,0.13830476,-0.336582,0.14364901,-0.089639865,0.33368117,-0.4101171,0.123515695,-0.40832838,0.32348263,-0.019406585,-0.03476518,0.07030515
0.3594,-0.00027773774,0.035721187,-0.048708916,-0.103866756,-0.24025331,0.13053887,-0.16169865,0.34323832,-0.18374896,0.19818196,-0.46287793,0.42111856,-0.102455154,0.30756202,-0.2554866,0.0466616,-0.14947757,0.44469908,-0.42233664,0.088284105,-0.31947815,0.06887572,0.15203047,-0.22841202,-0.386776,0.06134007,-0.16276963,0.2636976,0.03181522,-0.33396235,0.049807567,-0.13050117,-0.029471172,-0.10088004,-0.09815178,-0.29849014,0.20669273,-0.07825675,0.40886056,-0.344534,0.079994746,-0.28418735,0.3269415,-0.12181723,0.11010552,-0.43133658,0.09629675,0.0593239,0.34664768,-0.3056327,0.24848777,-0.30476096,0.32606614,0.113642395,-0.10905529,0.22836283
0.3633,-0.030036164,0.1378109,-0.03998785,0.08451063,-0.34909907,0.2107128,-0.24258032,0.28005713,-0.2476073,0.18017364,-0.37963286,0.39074984,-0.19824496,0.052295115,-0.11612381,-0.12732182,-0.31983978,0.50160563,-0.24702045,-0.15640873,-0.2660316,-0.062032703,0.29805362,-0.25882697,-0.4422857,0.08631785,-0.2701248,0.21316822,0.23787545,-0.3959955,-0.03856722,-0.48342773,0.051546108,-0.09143205,0.11122542,-0.3051886,0.11722788,-0.18096045,0.37888342,-0.2627996,0.03165224,-0.24995334,0.44946912,-0.14426868,0.101939365,-0.32025525,-0.113323554,0.107551254,0.49687693,-0.38382116,0.2861951,-0.26085618,-0.010509726,0.18595359,-0.18763036,0.19238044
0.3672,-0.2003112,0.33808812,-0.106729165,0.055853758,-0.39383018,0.17406368,-0.24225476,0.22589856,-0.16842383,0.057961874,-0.3547219,0.16048363,-0.12201398,0.03158442,-0.09397752,-0.10924663,-0.31076962,0.4911652,-0.21466985,0.0071300366,-0.061601102,-0.033939328,0.25699526,-0.13921098,-0.31925815,0.043856334,-0.105683036,-0.006730397,0.14911252,-0.30952677,0.14109585,-0.43588653,-0.034311093,0.2578935,0.08990092,-0.17823946,0.20795353,-0.108971804,0.32338294,-0.08339225,0.15381657,-0.57440865,0.4167054,-0.20674619,0.16588596,-0.07703057,-0.24108084,-0.078851596,0.35981527,-0.24060641,0.3120316,-0.27311525,-0.0009759266,0.11497303,-0.12339145,0.35478273
0.3711,-0.22463317,0.158084,-0.010129745,0.32298303,-0.36072192,0.09692026,-0.26938525,0.2755349,-0.32468492,0.17860006,-0.4486854,0.36332607,0.094439164,0.020238938,0.002038395,-0.32281834,-0.3024281,0.45045367,-0.01487249,0.010323362,-0.14421813,-0.2645011,0.3086886,-0.09952613,-0.4774524,0.13269457,-0.24797869,-0.039111335,0.34962502,-0.4153967,0.27412513,-0.2881458,-0.09474756,0.13228929,0.14427264,-0.28816962,0.14423987,-0.16060969,0.24783584,-0.19667399,0.273533,-0.21872517,0.25521824,-0.086413465,0.11341468,-0.05592936,-0.27920526,0.17302637,0.45412764,-0.20224987,0.17447469,-0.21574546,-0.17238063,0.4335332,-0.09573917,0.38145024
0.375,-0.24920247,0.241896,-0.2014601,0.43488735,-0.5557199,-0.016392253,-0.07782389,0.04202014,-0.09206236,0.16190948,-0.32666218,0.06024146,0.08023718,0.17476285,0.20142299,-0.19451638,-0.49449697,0.34100935,0.055928178,-0.1365912,0.00051269145,-0.49015874,0.3737002,-0.07469322,-0.251367,-0.035034202,-0.05998934,-0.16528355,0.3919815,-0.29479262,0.23135355,-0.21974492,-0.012702271,0.092954434,0.28664553,-0.31167036,0.104940906,-0.25219727,0.21150988,0.25678328,0.30585566,-0.41061288,0.23274203,-0.010633446,0.31217158,0.1582781,-0.34320644,0.039469074,0.40208235,-0.1418208,0.3129671,-0.08840141,-0.3065162,0.29241818,-0.20452064,0.3802956
0.3789,-0.2497035,0.13238457,-0.16974445,0.315686,-0.2867691,-0.0065430123,-0.07062896,-0.1282819,-0.11453556,0.10852578,-0.5358507,0.18521142,0.023670213,0.08976967,0.12595631,-0.3665711,-0.42995012,0.25028917,0.046512414,-0.10539763,0.07205413,-0.39487386,0.31741178,-0.18226795,-0.23527274,-0.13087432,-0.13017687,-0.3483381,0.56351477,-0.2080105,0.10623841,-0.13136052,0.10079409,-0.107046574,0.41244113,-0.37682903,0.03419397,-0.19732162,0.16008915,0.33310708,0.3674215,-0.36270428,0.2456811,0.04573027,0.05404455,0.2683329,-0.4830241,0.13883941,0.4305366,0.016872214,0.1721754,0.07018306,-0.26739797,0.25433806,-0.14281999,0.39826074
0.3828,-0.16083243,0.16135192,-0.22926676,0.42771256,-0.25822482,-0.08191243,-0.16315636,-0.21791625,-0.06581727,0.25199905,-0.34081373,0.06985713,0.09945876,-0.051665988,0.21292959,-0.3377111,-0.52350974,0.13749358,0.066049024,0.0043144464,0.3349086,-0.4076584,0.16110207,0.05511498,-0.11272044,0.07983775,-0.0048005963,-0.35565194,0.45159578,-0.035942215,0.04015196,0.0064004078,-0.025796149,-0.121511556,0.39636934,-0.2926583,0.03733901,-0.10934415,-0.088390976,0.29136917,0.3559838,-0.40458897,-0.023748579,-0.063952714,0.08170726,0.30473652,-0.36834183,0.12870559,0.23771052,0.10545552,0.24002416,0.045811538,-0.5069149,0.35830742,-0.2543245,0.24569234
0.3867,-0.26613897,0.1097416,-0.23887351,0.34956062,-0.14837961,-0.23313436,0.03015646,-0.18341364,-0.088115335,0.43165594,-0.2757983,-0.03466961,0.10983887,-0.09943402,0.31170154,-0.35550657,-0.5072325,0.089850806,0.1568739,-0.19406794,0.2352058,-0.44376853,0.07541373,0.09742066,0.015559375,-0.02636559,0.12913962,-0.35809094,0.2687618,-0.032608137,0.056960806,-0.07625994,-0.013767579,-0.25997502,0.51661646,-0.16511503,0.030522257,-0.11104039,-0.10116926,0.5000958,0.46406424,-0.32610738,0.028020987,-0.0018182702,-0.12952884,0.5410373,-0.21031164,0.0643931,0.17761464,-0.07727867,0.21415868,0.12743293,-0.59201825,0.26852944,-0.056956965,0.02320133
0.3906,-0.22650293,0.10354144,-0.26310068,0.32235825,-0.10880337,-0.2910107,0.049175892,-0.2684524,-0.21468079,0.5058589,-0.25391832,-0.20357034,-0.09274323,-0.22660996,0.3828336,-0.0647163,-0.45365497,0.056434702,0.11890329,-0.17148148,0.3982702,-0.47583386,-0.06703277,-0.0076361313,-0.03863193,-0.12590274,0.32109183,-0.47456437,0.23074892,0.12567483,-0.07761054,0.3096078,-0.17688212,-0.37641063,0.34294224,-0.07952123,0.074973024,0.111636564,-0.29424858,0.43141556,0.5121189,-0.25734735,0.18157202,-0.16400577,-0.062180474,0.4834787,-0.16917522,0.06973406,0.062306307,0.0031842454,0.05525098,0.4155905,-0.38253325,0.1457826,0.013455157,0.033352118
0.3945,-0.094510555,0.06766226,-0.40114295,0.36094043,0.16614577,-0.172402,0.2673476,-0.29047963,-0.29538766,0.46335027,0.0590714,-0.17717248,0.056714226,-0.1574524,0.21014874,-0.05400264,-0.3390999,-0.07538303,0.25666934,-0.11621521,0.4632028,-0.17213635,-0.068707,0.0047447793,0.08255912,-0.017781638,0.13279842,-0.46744105,0.27354404,-2.2995202e-05,-0.009556609,0.2592977,0.041811164,-0.39469492,0.47942567,-0.053553734,0.023561876,-0.0062823496,-0.3689977,0.3593036,0.5168536,-0.29234484,0.032923847,-0.055854224,-0.19308716,0.5324369,-0.10204011,0.022467624,0.14302091,-0.061149165,-0.053309456,0.3190147,-0.3648874,0.11293165,-0.0705424,-0.14948587
0.3984,-0.20809357,0.1760796,-0.29996833,0.206203,0.051820118,-0.42736533,0.036645617,-0.32413128,-0.2920743,0.31916097,-0.04219434,-0.25901106,0.1307423,-0.29931438,0.30366892,0.07271858,-0.35012507,-0.06784293,0.1258374,-0.2002724,0.39042237,-0.27872804,-0.35343975,0.25954804,0.05232851,0.06969564,0.26450896,-0.43180448,0.09480068,0.046208087,-0.1333752,0.41710013,0.057783123,-0.30808714,0.3151237,0.07202787,0.09309393,0.17973828,-0.24726623,0.2709471,0.471648,-0.21586694,-0.08404881,-0.042367708,-0.32251185,0.4807597,-0.02815846,-0.15006411,0.052258193,-0.0858328,0.06444283,0.4493677,-0.38660538,-0.094927944,-0.0063633444,-0.13786915
0.4023,-0.11299489,0.10488978,-0.3605618,0.22704752,0.35302976,-0.21543977,0.05288905,-0.19686729,-0.25767955,0.41063645,0.0139851505,-0.24225518,0.11718162,-0.31699175,0.1652815,0.34568438,-0.3163206,-0.19030847,0.07740919,-0.22437885,0.2850039,-0.027382942,-0.3615898,0.16878867,-0.004698728,-0.13935155,0.27614737,-0.207368,-0.13774328,0.012466932,-0.1870541,0.18067777,0.056215927,-0.37879547,0.21848494,0.056169096,-0.02130173,0.28206572,-0.28372192,0.06790771,0.4960812,-0.011919564,0.0064526573,0.061103858,-0.44809616,0.3404332,0.17965215,-0.20214278,0.013770321,-0.10582496,-0.05774156,0.43207455,-0.32652766,-0.066751406,0.011781746,-0.19354811
0.4062,-0.22475094,0.24928585,-0.4968724,-0.060226206,0.22618236,-0.24594003,0.22305942,-0.1942978,-0.30662432,0.37225103,0.12423745,-0.27007347,0.17167215,-0.25215873,0.12012905,0.44118956,-0.19979073,-0.26846877,0.06701496,-0.36068243,0.24956451,0.065728344,-0.4742163,0.06643229,-0.02544085,0.10322457,0.30825004,-0.4253377,-0.18317282,0.24172232,-0.21412577,0.32287675,0.18432522,-0.5217393,0.07181214,0.07669625,-0.06639057,0.2588194,-0.21296935,-0.23642407,0.4666547,-0.16908127,0.07404457,0.223416,-0.42681393,0.2511977,0.095409535,-0.17568256,0.033926595,-0.14153542,-0.1822337,0.43405306,0.042881876,-0.0026708723,0.053364694,-0.4617678
0.4102,-0.15795635,0.31458354,-0.46854588,-0.066256754,0.33909172,-0.07285167,0.20524085,-0.054621357,-0.5075279,0.2744973,0.042641632,-0.39873323,0.24624711,-0.28204402,-0.069475904,0.50847644,-0.2238535,-0.092529535,0.01560244,-0.30690137,0.35887954,0.21916346,-0.31625676,0.11101372,-0.03622817,-0.16711909,0.34774706,-0.15338127,-0.2516194,0.22243707,-0.1330469,0.19783151,0.25239387,-0.4515181,-0.05808562,0.22931607,-0.14496355,0.27563706,-0.28839153,-0.27552512,0.5687218,0.019772597,-0.19548254,0.19770299,-0.47419882,0.13789625,0.19105932,-0.2981881,0.1583013,-0.35058057,-0.14934681,0.5261961,0.03015887,-0.17658933,0.15878199,-0.36398584
0.4141,-0.20474105,0.29460198,-0.2666764,-0.2364915,0.29293007,-0.15310149,0.0004130318,0.15166575,-0.5059295,0.17920607,0.19659412,-0.14592652,0.14341687,-0.22501723,-0.28902927,0.4222194,-0.042008396,-0.18654834,0.16798958,-0.3725058,0.124728,0.41116086,-0.45979023,0.105902225,-0.10423946,-0.13410686,0.47308433,-0.10200061,-0.3176487,0.22579223,-0.12450184,0.19450133,0.2269985,-0.32494912,-0.16175464,0.31450504,-0.22007135,0.31775662,0.07498616,-0.48239857,0.4188126,-0.011689718,0.0008717339,0.18646443,-0.40432104,0.093779355,0.41181388,-0.20390366,0.06805286,0.0955459,-0.31145695,0.36172292,0.08743109,-0.21566461,0.14011389,-0.2507336
0.418,-0.15440547,0.2761941,-0.20648955,-0.26298866,0.33640462,4.560848e-05,-0.043768547,0.24768126,-0.49001858,0.049692117,0.37609744,-0.21261063,0.08951104,-0.11877372,-0.3177832,0.4248421,0.068549685,-0.20185809,0.098995455,-0.3292028,0.16040713,0.41111663,-0.2659229,0.018280016,-0.046162117,-0.27115932,0.36488423,-0.020258725,-0.42094705,0.097293206,-0.07034813,0.0736151,0.3901038,-0.35719943,-0.13958326,0.14680153,-0.20066735,0.36310363,0.055966485,-0.35345274,0.27519646,-0.036626376,-0.05740052,0.2320715,-0.16560826,-0.12695654,0.36248943,-0.03056726,0.10508039,0.012571512,-0.41201147,0.27003276,0.32768717,-0.14191322,0.22794107,-0.32410923
0.4219,-0.06702305,0.35534108,-0.10653996,-0.40523726,0.17394865,-0.0057709482,-0.0022978513,0.18813065,-0.4404148,-0.066615164,0.29048553,-0.21427055,0.18717428,0.047978986,-0.3790548,0.3590827,0.026802324,-0.20547867,0.28848022,-0.32853416,0.043462485,0.3827837,-0.06237047,-0.14614464,-0.04047216,-0.21675038,0.5401991,0.11206356,-0.33394536,0.100600794,-0.018135516,-0.024850817,0.5002784,-0.22973047,-0.05803472,0.25554398,-0.22033007,0.21504174,0.19084747,-0.27929524,0.16506195,0.19346744,-0.18093765,0.5030998,-0.1850025,-0.06416874,0.30813077,-0.1904406,0.26794946,0.14312606,-0.4754694,0.18934245,0.29850587,-0.14242557,0.20357302,-0.08017062
0.4258,-0.26681182,0.31156322,-0.0006761859,-0.39217952,0.07677768,0.106919445,-0.26888373,0.24416852,-0.46992582,-0.16685648,0.29648572,-0.18879229,0.12243645,0.22936168,-0.5053477,0.31994548,0.055612247,-0.07764636,0.1601518,-0.26404813,-0.03503932,0.5286759,0.0406769,0.062807195,-0.011472043,-0.2691444,0.3533346,0.27470058,-0.15005426,0.13236277,0.021606566,-0.22183162,0.42108727,-0.12418645,-0.17257315,0.09148454,-0.36295846,0.09730657,0.16826625,-0.4054515,0.164931,-0.023253027,-0.09135669,0.44563383,-0.024747528,-0.35087395,0.3626939,-0.037824105,0.19013575,0.24102241,-0.42844737,0.07423307,0.39232543,-0.101573646,0.31201804,0.028645568
0.4297,-0.1181128,0.40536097,0.120405,-0.38305628,0.043289278,0.2230078,-0.26839727,0.32453534,-0.41002345,-0.29544434,0.46339872,-0.08843514,0.107577324,0.26448035,-0.4404108,0.24955697,0.12477241,0.0013838275,0.31515405,-0.2914358,-0.12237044,0.38313,-0.11301254,-0.042191595,0.22887754,-0.40703335,0.17976078,0.35113326,-0.24175835,0.24749167,0.0056098774,-0.2143209,0.3808655,-0.049962588,-0.20228134,0.111263596,-0.24173406,0.16900678,0.43856624,-0.25015646,0.11240733,-0.038549982,-0.15717523,0.4369958,0.035769273,-0.35881183,0.21915326,0.011044299,0.25407168,0.28169847,-0.36633223,-0.040087845,0.187297,-0.25259405,0.24757412,0.023647407
0.4336,-0.15206589,0.18347774,0.27099597,-0.397101,0.1440356,0.19159818,-0.1691854,0.41478857,-0.28964147,-0.13223398,0.45827892,-0.15231092,0.05710503,0.3795361,-0.4740776,0.020687554,-0.0415683,-0.13450357,0.42926192,-0.026811473,-0.31272447,0.39246094,0.1475773,-0.16827303,0.22735697,-0.114383236,0.14741941,0.35907176,-0.1750517,0.25668606,0.07463727,-0.2615062,0.42011252,0.00096545846,-0.13821755,0.15670402,-0.03254566,0.0060857153,0.36801922,-0.13116425,0.13209742,0.028100608,-0.20447823,0.3404215,0.13282219,-0.44475493,0.09421012,0.26749974,0.11215226,0.41688955,-0.30703634,-0.12711434,0.1804559,-0.33821228,0.12418305,0.049358986
0.4375,-0.23849522,0.265578,0.20037246,-0.22631754,0.07012119,0.34369516,-0.034034777,0.075748414,-0.14412947,-0.12720679,0.37625998,-0.2268835,0.1947194,0.37495852,-0.25483605,0.004817043,0.15352735,-0.13531649,0.19991258,0.03950278,-0.38627753,0.20209391,0.13875788,-0.17570107,0.2529386,-0.3871713,0.024489447,0.44967306,-0.112580426,0.16561592,0.13029107,-0.2158886,0.4665085,-0.024734149,-0.09183433,0.25791422,-0.10279388,-0.057215653,0.46203578,0.037305333,0.002989142,-0.018497888,-0.2859626,0.31717387,0.28312212,-0.48292592,-0.01967774,0.12415792,0.074984625,0.422167,-0.3799019,-0.056796603,0.29686782,-0.07254012,0.056804992,-0.017446617
0.4414,-0.32989442,0.09588687,0.2610797,-0.15925527,-0.0085384585,0.21727504,-0.16780822,0.14802304,-0.16861843,-0.07164552,0.27185282,-0.0026395412,-0.20387074,0.3700263,-0.07595019,-0.19408189,0.33952245,-0.066261925,0.505969,0.17345403,-0.3111398,0.116272055,0.18740788,-0.121497236,0.36427692,-0.4016322,0.04957343,0.46021074,0.08116415,0.088500485,0.32508633,-0.15204848,0.2645027,0.0048733666,-0.09928591,0.08087702,-0.12769467,-0.17703557,0.27561527,0.2204837,0.11322734,0.040628955,-0.3892886,0.1273947,0.5291834,-0.2750545,-0.048507363,0.1552982,0.0075852685,0.36466837,-0.24531278,-0.20686133,0.24754475,-0.2114473,-0.08334771,0.23675402
0.4453,-0.24528307,0.07346601,0.30961367,-0.094970666,-0.0052504586,0.3144764,-0.09692861,-0.083001226,-0.032698814,-0.18678676,0.24733497,0.027508399,-0.13363475,0.46236795,0.13534711,-0.36634192,0.085005604,-0.3208258,0.28781796,0.3654276,-0.44174355,0.07674427,0.30249885,-0.21350104,0.32394937,-0.29568163,-0.2278916,0.40099016,-0.055007424,0.1012432,0.05711984,-0.1614054,0.3440469,-0.035673972,-0.11510955,0.04084271,-0.030661764,-0.15407395,0.38648576,0.24077174,-0.10482722,0.059200678,-0.46429124,0.11684881,0.33690456,-0.42796466,-0.16960213,0.11637333,0.013429276,0.3924886,-0.29286557,-0.34738132,0.26781452,-0.1553406,-0.10473393,0.3158577
0.4492,-0.31943387,0.21672831,0.43126592,0.03722682,-0.11952576,0.33914843,0.023115292,-0.13562775,0.09184687,-0.023117077,0.1574143,-0.0068344735,-0.17470658,0.37279513,0.18604751,-0.33454973,0.06961618,-0.08338407,0.26769963,0.3019499,-0.60693955,-0.026078181,0.40456343,-0.07253361,0.38561666,-0.22428739,-0.29435402,0.25531858,0.047921676,-0.0976973,0.093222514,-0.19637297,0.18997833,-0.07854338,-0.08071998,0.06557065,-0.16164906,-0.29137036,0.15315814,0.36416626,-0.13998984,0.08060389,-0.4335352,-0.12106662,0.36635882,-0.34635156,-0.16717267,0.17171007,-0.077347204,0.3201773,-0.26408035,-0.28878173,0.0058349497,-0.24085306,-0.3327026,0.26333216
0.4531,-0.28897652,0.10227616,0.49654713,0.07962862,-0.0005611528,0.27508357,0.14576748,-0.21156174,-0.07022021,0.07707839,0.09113029,-0.059622742,-0.29815063,0.16079754,0.30675066,-0.27333817,0.11919976,-0.09602476,0.21370876,0.4886866,-0.33414185,-0.3033188,0.32677355,-0.15530445,0.3807849,-0.25547597,-0.31635344,0.2773099,-0.0627891,-0.19668178,0.07968988,-0.012411619,0.20120294,0.012256197,-0.13166499,0.026197804,0.05584738,-0.4542126,0.13114004,0.3907824,-0.037448015,0.077994734,-0.32342538,-0.17620054,0.22983077,-0.2784953,-0.37243935,0.14609401,-0.16273293,0.3237989,-0.22313529,-0.5005021,0.13546202,0.045141973,-0.3295121,0.05671804
0.457,-0.32707062,-0.102187276,0.34240624,-0.023107408,-0.20594485,0.30584908,-0.0043996414,-0.28811127,0.0069209184,-0.10106885,0.033473205,0.05132893,-0.22603813,0.12053435,0.2932384,-0.21365973,0.17564268,-0.5276035,0.12256167,0.4894642,-0.41969404,-0.24575673,0.16935778,-0.01424919,0.27138957,-0.39725104,-0.28426474,0.21516466,-0.022460697,-0.26367995,-0.01615886,0.25271255,0.09050646,0.065597534,-0.14633028,-0.07361817,0.18213184,-0.3535779,-0.26170784,0.348119,-0.09389005,0.06746874,-0.35330465,-0.29836237,0.021321204,-0.114543036,-0.41017276,-0.002789725,-0.3521514,0.08807219,-0.077175595,-0.27545995,0.11501512,0.05239728,-0.46244887,-0.07877007
0.4609,-0.22446643,-0.24389161,0.14095053,0.052876193,-0.07718784,0.026725339,0.08434373,-0.33643845,0.079021074,-0.16445997,0.011922975,-0.046128977,-0.26922348,-0.0004454079,0.3873458,-0.20031524,0.1210825,-0.36821657,-0.021166667,0.39934957,-0.24561799,-0.42867234,0.19562319,-0.049052253,0.3369976,-0.24651869,-0.28869742,0.053549446,0.01608294,-0.39843193,0.01501334,0.24472643,0.052008692,-0.10656616,-0.48169118,0.09874362,0.12758583,-0.38352257,-0.1901649,0.10526035,-0.12329364,0.20850271,-0.3349285,-0.5710026,0.10025499,-0.006097632,-0.2783338,0.066390865,-0.41172633,0.07658094,-0.04634041,-0.25817156,0.07461499,0.115930445,-0.3282056,-0.0020645296
0.4648,-0.37033573,-0.43164918,0.14238952,-0.012761273,-0.19297272,-0.10655283,0.2593038,-0.29861784,-0.057508346,-0.2058096,-0.07032826,0.007312225,-0.3481292,-0.17381707,0.35056606,-0.18666884,-0.108823486,-0.43672478,-0.073379084,0.20908931,-0.09804921,-0.3253468,-0.11846228,-0.0011133022,0.20802116,-0.34844127,-0.30362585,-0.061364375,-0.017695406,-0.38053027,-0.15920195,-0.058398534,0.18508948,0.025358608,-0.46647656,-0.10182751,0.049505066,-0.2959254,-0.5250978,0.19924629,-0.07134408,0.19702241,-0.34421033,-0.3991093,0.27581882,0.035974212,-0.273895,-0.05898625,-0.28875536,0.1613194,0.28589213,-0.14637819,-0.056440562,0.18513091,-0.23838142,-0.13147871
0.4688,-0.4274763,-0.31912294,0.14331467,0.039472383,-0.092244685,-0.16721123,0.031566177,-0.30505624,-0.097057745,-0.15132277,-0.15668772,0.050570972,-0.35336107,-0.15219028,0.25894368,-0.09021906,0.11050673,-0.40600622,-0.20241594,0.04872262,-0.11097272,-0.46743906,-0.10242846,0.24273019,0.16468844,-0.07558886,-0.37313613,-0.14531627,0.05959509,-0.45473376,-0.21445478,0.18695714,-0.043141052,0.09070167,-0.36194703,-0.10045393,0.18911342,-0.26187122,-0.4107932,0.108476706,-0.07352034,0.21540177,-0.21193163,-0.45469007,0.09325992,0.1971366,-0.26411703,-0.07788991,-0.22794217,0.052980963,0.24920379,-0.18276604,-0.011786854,0.07319633,-0.11675812,-0.12284538
0.4727,-0.32524872,-0.15326023,0.09971256,-0.0027437182,-0.40995753,-0.12814102,0.22920363,-0.30800375,0.014185789,-0.44826445,-0.06393221,0.19428958,-0.30284983,-0.327645,0.120862484,0.08394695,0.28736642,-0.39982852,-0.18090896,0.22623634,0.059460297,-0.5091175,-0.19649568,0.14903505,0.11202285,-0.195031,-0.40523547,-0.02772871,0.18514316,-0.25347325,-0.17944425,0.2425621,0.10470464,-0.059468117,-0.42468902,-0.16090204,0.3427359,-0.0546861,-0.4599512,0.02838111,-0.008611556,0.40922198,-0.032918356,-0.38676628,0.13936253,0.36643013,-0.2915931,-0.21158026,-0.21173337,0.048457906,0.2814577,-0.16038826,-0.12929614,0.20631354,0.06043046,-0.14590847
0.4766,-0.2994489,-0.34329998,0.05223262,0.17486227,-0.3668185,-0.21417332,0.06462513,-0.049499016,-0.0991454,-0.40475485,-0.09711118,0.12864026,-0.23774394,-0.32270896,-0.10727901,0.26781306,0.17739399,-0.26835886,-0.318502,0.09875677,0.09423209,-0.36845553,-0.20166607,0.17135616,0.36440217,-0.057664827,-0.30795392,-0.03894669,0.108578525,-0.20596002,-0.12546441,0.124908164,0.21485847,0.12091134,-0.26687878,-0.11397528,0.27904397,0.13597378,-0.38493448,-0.16635874,-0.05087914,0.32946575,0.051877093,-0.32927528,-0.027646651,0.4655485,-0.11679903,-0.19055717,-0.25551984,0.10070179,0.47842947,-0.025525542,-0.11092145,0.2777218,0.13049953,-0.14199997
0.4805,-0.18071161,-0.44208986,0.0367661,0.102584295,-0.22176886,-0.3004941,0.12110322,0.051089745,0.024109043,-0.49976265,-0.014306899,0.14634646,-0.14892039,-0.42345008,-0.13798018,0.25200537,0.08854192,-0.27862164,-0.22619987,-0.0022175114,0.29471833,-0.3618558,-0.2726757,0.0004019988,0.10635769,0.078638196,-0.40726912,-0.16840227,0.21988456,-0.020594401,-0.14989047,0.051372573,0.15947945,0.33806723,-0.22710004,-0.06486279,0.15043792,0.21213236,-0.28997856,-0.25154653,-0.04350625,0.45180172,0.07953583,-0.13759924,-0.18746693,0.42941797,-0.009585072,-0.2200787,-0.15793361,0.16872142,0.29805997,-0.09769347,-0.18405095,0.25900993,0.34824315,-0.024139144
0.4844,-0.17689218,-0.3720893,-0.02639022,0.09349119,-0.22549075,-0.42703074,0.054141726,0.15991503,0.012853242,-0.46699083,-0.2119352,0.3479483,-0.054041415,-0.40893337,-0.19894671,0.29876128,0.24616228,-0.2632196,-0.2947391,0.1238544,0.17843682,-0.093336344,-0.29061973,0.08591376,0.036135674,0.18697852,-0.40273693,-0.012355616,0.31852207,-0.1093164,-0.23244339,0.00284476,0.032144222,0.3316901,-0.016362622,-0.03763307,0.4148932,0.2386944,-0.19389854,-0.28259432,-0.0074030305,0.48096246,0.012492696,-0.17944123,-0.102176875,0.43975285,0.19221207,-0.06374783,-0.119632736,0.19089454,0.4158708,-0.012258282,-0.17986454,0.2664749,0.49181792,0.048834145
0.4883,-0.16105387,-0.5142793,0.051446315,0.24528621,-0.28658158,-0.29473415,-0.049605582,0.06998082,0.014265476,-0.38287175,-0.15266185,0.2442279,0.09046425,-0.4155376,-0.24659668,0.27830318,0.18092981,-0.12157714,-0.4644056,-0.031909116,0.32444394,-0.06878441,-0.28674462,0.1299843,0.11938017,0.20430358,-0.16784474,-0.08622399,0.23546903,0.30046007,-0.16717295,0.0005401027,0.054899216,0.21883048,0.056837376,-0.21918556,0.10728191,0.2829742,-0.08366478,-0.2806819,0.05870816,0.48969504,0.2359158,-0.10950276,-0.004735849,0.38426208,0.2542354,-0.11059695,-0.14146729,0.18426587,0.58944285,0.0736946,-0.15884236,0.24460876,0.35213372,0.013407793
0.4922,-0.019488683,-0.3949739,-0.09087392,0.046120152,-0.105162054,-0.4270116,-0.10505044,0.27276775,0.14988391,-0.20437297,-0.15825564,0.25231916,0.23877527,-0.24180254,-0.22883928,0.22537315,0.4196876,0.0208236,-0.0850527,0.0045231124,0.423029,0.04475472,-0.23813449,0.06281659,0.34552673,0.40092498,-0.20975608,-0.0024910434,0.39052987,0.17025346,-0.08046708,-0.18199326,0.10356014,0.46163604,0.16335163,-0.07414787,0.13191198,0.5960691,0.107559234,-0.16747487,0.07559822,0.43260694,0.3085682,-0.037310824,-0.0453146,0.31998545,0.48814595,-0.04872811,-0.13394405,0.09753966,0.42454594,0.2325057,-0.19550478,0.21212466,0.39988762,0.06934455
0.4961,-0.15500955,-0.32867,-0.1093128,0.11164247,0.010418312,-0.20531058,-0.061622865,0.33406836,0.21881297,-0.08010673,-0.20227784,0.19868031,0.19058621,-0.11843573,-0.11950069,0.1845091,0.30022892,-0.017762318,-0.2697086,0.0762727,0.38341323,0.22056398,-0.14223325,-0.16791968,0.42672396,0.39482543,-0.07455794,-0.08426049,0.2984425,0.2967796,0.020224977,-0.04485579,0.16641702,0.38652685,0.13778855,-0.105743825,0.00846715,0.46270937,0.25825906,-0.06272735,-0.0481702,0.35131764,0.31186926,0.038226724,-0.10793059,0.20955576,0.29070017,-0.006376356,-0.15668347,0.17808573,0.5977818,0.10541296,-0.23204818,-0.08518548,0.28361136,0.02731994
0.5,-0.047981344,-0.29746202,-0.008710578,0.36870512,0.16777247,-0.011856489,-0.05039934,0.20354676,0.35018635,-0.0876276,-0.12470243,0.16975401,0.28550783,-0.09200526,-0.1380951,0.13362382,0.4130437,0.027877666,-0.06248928,-0.058494404,0.48542643,0.20619568,-0.09766779,-0.04743242,0.29130992,0.43104494,-0.0011447447,-0.20483826,0.23592962,0.3936329,0.04373752,-0.15397243,0.14936948,0.49762174,0.2181022,-0.060248863,-0.06437908,0.3368162,0.41277948,0.019556314,-0.073730506,0.30074853,0.3599659,0.039365407,-0.20397486,0.06320141,0.32286268,0.06430749,-0.25663745,0.13917765,0.43636882,0.124891296,-0.28518087,-0.09617044,0.37552148,0.24388821
0.5039,-0.0036408142,-0.18178213,-0.15978247,0.34402817,0.21785754,-0.114001945,-0.16422412,0.24432294,0.30036953,-0.0646756,-0.11655014,0.025922256,0.28795925,0.092537485,-0.23436518,0.17033438,0.36654252,0.36725095,-0.12995371,-0.014288641,0.34400713,0.2670768,-0.047463648,-0.087870464,0.42552316,0.3196886,0.06014182,-0.1086542,0.024512755,0.5401695,0.27092716,-0.21101621,-0.002464359,0.36902946,0.22842999,-0.12326301,-0.09816331,0.356561,0.38346016,-0.066436164,-0.14176738,0.22682859,0.4404102,0.04497898,-0.15696117,0.016692879,0.38999027,0.1838356,-0.29501313,-0.2013103,0.42471927,0.2301064,-0.04635575,-0.16109712,0.047230758,0.2128725
0.5078,0.100000724,-0.16438696,-0.019683084,0.3655956,0.35913292,-0.00050796056,-0.1618238,0.16793735,0.3939358,0.21570364,-0.1422597,0.22494964,0.5068287,0.21123226,-0.06696238,-0.055460036,0.398947,0.2183338,-0.023516072,0.022826238,0.4864518,0.44677785,0.08698684,-0.061053265,0.34191504,0.55481136,0.15379451,-0.11567537,0.04991176,0.40985048,0.29537198,-0.024362108,-0.027935805,0.36625493,0.13637611,-0.11065201,-0.09366285,0.3793433,0.44235912,0.012438371,-0.13397656,0.010458022,0.34499046,0.08550988,-0.324137,0.022850456,0.33607236,0.27021894,-0.34716663,-0.27767256,0.36483186,0.27041486,-0.22679317,-0.38683388,-0.12486779,0.3158074
0.5117,0.08456781,-0.09186979,-0.053373247,0.22646794,0.30211747,0.021483488,-0.11824018,0.2267875,0.4119955,0.035993632,-0.17702617,0.1358791,0.44868597,0.33946458,-0.029126817,-0.09851909,0.5449253,0.28528607,-0.14113103,-0.11478828,0.42539835,0.35208577,0.19372825,-0.23250607,0.20218089,0.36864698,0.17726213,-0.23257184,-0.00737329,0.28215045,0.3330692,-0.17379402,-0.09123033,0.25957885,0.33744085,-0.004455104,-0.11591739,0.13467003,0.19835311,0.047930222,-0.18577912,0.14666969,0.37584,-0.14625436,-0.3065209,-0.18643263,-0.0011689217,0.17412236,-0.46172026,-0.18116441,0.19429326,0.15869433,-0.14773364,-0.4067507,-0.22046043,0.21206401
0.5156,0.28716198,-0.15098609,-0.0943503,0.27335292,0.44316074,0.023148596,-0.20962666,0.13506418,0.46978077,0.037768725,-0.17537811,0.027993195,0.42157084,0.3810159,-0.101397604,-0.20973782,0.41918167,0.2753453,-0.042426057,-0.12015178,0.20641601,0.33510053,0.14965077,-0.35750183,0.10905817,0.5471789,0.15054122,-0.32452524,-0.022800414,0.118655436,0.26853305,-0.037689503,-0.11938914,0.21813615,0.25118852,0.020680133,-0.30199078,-0.25635052,0.19938987,0.042850878,-0.16148663,0.027085083,0.1332878,0.19747722,-0.33085465,-0.2775212,-0.060951,0.22311726,-0.3659502,-0.21376067,0.08173075,0.2492089,-0.2732796,-0.3940622,-0.39079845,0.14003561
0.5195,0.26598418,0.0028256015,0.0029944389,0.34642932,0.4336022,0.20431712,-0.040936615,-0.22959016,0.31672305,-0.062253807,-0.24203646,-0.03781674,0.19937137,0.3046324,0.054531585,-0.1056247,0.33294365,0.33857092,-0.11702662,-0.21169038,0.13462867,0.42952064,0.22568323,-0.2480074,0.04837034,0.5439866,0.11458705,-0.22880135,-0.22270888,-0.06024411,0.3630159,0.024803722,-0.034102987,0.0909844,0.13968372,0.09143631,-0.39338434,0.020359503,0.18691662,0.17453545,-0.4471459,-0.012623479,0.16537002,0.17225225,-0.3537692,-0.35629982,-0.08194708,0.18812989,-0.39519328,-0.5373276,0.03190347,0.28398228,0.0063868584,-0.42135638,-0.322741,0.11268375
0.5234,0.20563832,0.083504155,-0.2049273,0.15655997,0.31240055,0.24128118,0.01728983,0.0010294261,0.42772105,0.15244503,-0.19120221,-0.0458458,0.33871925,0.3521296,0.0084191365,-0.04242695,0.24008115,0.40926147,0.0095376205,-0.3658791,0.08489821,0.32567334,0.3320751,-0.21783428,0.013719205,0.3952315,0.16022569,-0.32190368,-0.27348387,-0.0022787976,0.17713347,0.2844183,-0.32547832,0.03910729,0.24573565,0.014548851,-0.30677068,-0.43202233,0.05265897,0.168978,-0.3640604,-0.16145572,-0.01267114,0.09272285,-0.33440238,-0.28777406,-0.08689061,0.1390341,-0.32660934,-0.32971743,-0.109908976,0.25089476,-0.023370316,-0.32045162,-0.45918348,-0.037488993
0.5273,0.26252615,-0.09476019,-0.052110936,-0.0077497326,0.11250552,0.26571572,0.20977612,-0.31175658,0.33283204,0.09529382,-0.16907176,-0.2915173,0.04122342,0.24547656,-0.054947186,0.017313233,0.12731183,0.29023266,-0.081525296,-0.5856903,-0.19091082,0.088795625,0.15234143,-0.024177816,-0.090871036,0.38960415,0.106722035,-0.15964338,-0.5118451,-0.13673933,0.20510139,0.11167129,-0.3908388,-0.09567436,0.10139867,0.017505173,-0.30745578,-0.3963883,-0.14014901,0.16698824,-0.35622525,-0.17181188,0.05253841,0.006547714,-0.20682263,-0.47441375,-0.15616685,-0.09332703,-0.25574222,-0.25002557,-0.11285261,0.16580787,0.0010198395,-0.272876,-0.490191,-0.19532825
0.5312,0.37422767,-0.08024384,-0.2736244,-0.17166625,0.20092715,0.5274491,0.045061674,-0.19572061,0.14278533,0.18871103,-0.19842608,-0.28866926,-0.024827417,-0.031637646,0.11844281,-0.029651148,0.109811224,0.10048586,-0.03744965,-0.50206435,-0.29155898,0.018436875,0.33764344,-0.21433444,-0.21386248,0.029643726,0.13339613,-0.25419602,-0.45693758,-0.17236355,0.11051593,0.017752929,-0.4493378,-0.014816998,0.031531576,-0.1334089,-0.3071082,-0.5183195,-0.092680655,0.18768153,-0.41103846,-0.3815416,-0.03176566,0.25055367,0.0863274,-0.3777486,-0.41002503,-0.11765486,-0.19475383,-0.39516047,-0.17304857,0.111306034,0.07801839,-0.18169248,-0.30901563,-0.16552213
0.5352,0.41524377,0.08826317,-0.39880365,-0.27813166,0.05074706,0.41355503,0.09132004,-0.18884057,0.28187624,-0.09280977,-0.07234967,-0.39006096,-0.09369089,0.06379013,0.1376976,0.06749271,0.1462284,0.08081753,-0.24557272,-0.33068192,-0.17863797,-0.12572958,0.050232742,0.029657304,-0.18967777,0.19060037,0.3410044,-0.055541806,-0.3416718,-0.2832187,0.06093108,0.12551615,-0.344922,-0.061600182,0.28181225,-0.045077775,-0.26121598,-0.50127,-0.26604795,0.19844118,-0.4974411,-0.40770164,0.11650378,0.1617292,0.16340375,-0.36839485,-0.43689355,-0.22888874,-0.11419057,-0.15592633,-0.10131955,0.22823414,0.25244358,-0.106876105,-0.21550249,-0.31528342
0.5391,0.49435467,-0.028656406,-0.3345033,-0.49881876,-0.118795045,0.38709328,0.2234909,-0.29624808,0.32190913,0.1496014,-0.005629148,-0.21878693,-0.33818975,0.099171676,0.14286803,0.08094005,0.1476861,0.13224074,-0.045143753,-0.43438694,-0.31567544,-0.04240604,0.060015306,0.24018659,-0.015357666,0.23047058,0.15671171,-0.28677696,-0.44613695,-0.51275134,0.059770033,0.16676998,-0.40405425,-0.19984712,0.15507475,0.06941112,-0.22640917,-0.39610058,-0.3193622,0.17357785,-0.5316696,-0.53149027,0.035924815,0.30773714,0.2879885,-0.29693773,-0.49136823,-0.18722686,-0.1944181,-0.23039338,-0.22752234,0.08059021,0.035876006,0.14157535,-0.25127771,-0.44353527
0.543,0.54724973,0.08737054,-0.44213915,-0.38254544,-0.14955871,0.27380583,0.2504244,-0.11750938,0.21092144,0.09936004,-0.15155515,-0.3153173,-0.38903797,-0.18036225,0.19206157,0.18789743,-0.02572213,0.1301135,0.056046277,-0.24133396,-0.3964146,-0.21067107,-0.056412395,0.19083452,-0.11398431,0.16038083,0.17860065,-0.043404087,-0.21943347,-0.37782285,-0.15521766,0.1325009,-0.45741856,0.00647946,0.27761367,0.037495002,-0.1296871,-0.5066253,-0.22965345,0.024260892,-0.3694788,-0.36554307,0.07485755,0.21714498,0.26478025,-0.20145586,-0.34427166,-0.2973385,-0.1617068,-0.1465308,-0.12637812,0.13243565,0.2523291,0.25958356,-0.05774618,-0.4388602
0.5469,0.33750847,-0.052886005,-0.42000535,-0.36791652,-0.2789019,0.1994292,0.15209475,-0.07719312,0.24432291,0.22826679,-0.047543854,-0.555141,-0.38958427,-0.10335234,0.16523981,0.20612249,0.08504825,0.021176241,0.12136281,-0.07058815,-0.3990534,-0.39017132,0.108742446,0.29364514,-0.029154388,-0.054331936,0.097816296,0.14004737,-0.12420713,-0.19743326,-0.19173643,0.17042723,-0.39026126,-0.06315528,0.33382356,0.19942088,-0.05782009,-0.2606889,-0.24347033,0.09740154,-0.47077227,-0.40809444,-0.03471889,0.50939035,0.2949556,-0.11865189,-0.20224075,-0.27845383,0.090302184,-0.19636577,-0.48411655,0.19160762,0.34234518,0.2797701,0.084362015,-0.30630812
0.5508,0.20550677,0.09237472,-0.31376,-0.54410636,-0.2571663,0.18318413,0.14439905,0.0652607,0.16359746,0.12810248,-0.1283183,-0.4903199,-0.21096827,-0.032911107,0.270906,0.19318634,-0.124623545,0.22343618,0.26438472,0.13997169,-0.57533336,-0.36596218,-0.15563047,0.11268743,-0.020406006,-0.034009807,0.2371278,0.058992278,-0.032888606,-0.1971053,-0.329844,0.02575714,-0.3832224,-0.020428311,0.34791937,0.054882072,0.13476542,-0.04866848,-0.23877439,-0.019666392,-0.5183407,-0.3996701,-0.07940092,0.23950188,0.52130103,0.040559765,-0.11677457,-0.3118063,0.18299095,-0.0629865,-0.41911992,0.08953569,0.35391736,0.46233392,0.13478228,-0.2642859
0.5547,0.09078949,0.0032044915,-0.25868624,-0.4376924,-0.21709481,-0.002754838,0.17814688,0.12957649,0.06597893,0.4434313,-0.05170589,-0.3511633,-0.3914464,-0.23131368,0.20295766,0.1746973,-0.11461535,0.101409726,0.25195596,0.10217558,-0.38340682,-0.52804494,-0.20449814,0.09563501,-0.023127949,-0.24508677,0.23058307,0.20625196,0.047727063,-0.14833204,-0.3396932,-0.13973828,-0.255904,0.03360693,0.35153392,0.12608904,0.3194489,-0.06829106,-0.18188421,-0.14542098,-0.28477687,-0.27853143,-0.085780166,0.32953492,0.49715272,0.08225873,-0.086291924,-0.20498523,0.2339984,-0.093196064,-0.34797573,-0.067515664,0.53621465,0.53417563,0.18075208,-0.24591637
0.5586,0.24151833,0.031672034,-0.28212723,-0.41052523,-0.07254472,-0.07316581,0.022402273,0.27538496,0.0918861,0.4589036,-0.054574884,-0.31991425,-0.25094283,-0.181297,0.17122112,0.14473002,-0.19153526,0.3210877,0.35982582,0.18950824,-0.3762036,-0.45925626,-0.22607261,0.27505618,-0.042194076,-0.059506148,0.24538559,0.27227873,0.111958146,-0.13430908,-0.29381478,-0.27885133,-0.030369716,-0.005158092,0.2675096,0.13470222,0.25585926,0.01866399,-0.15368125,-0.16473733,-0.26787686,-0.30061585,0.001505295,0.11183813,0.38700482,0.31034824,-0.011346884,-0.18868773,0.1691409,-0.059826307,-0.19185404,-0.10803915,0.27900326,0.36473188,0.3100667,0.042275153
0.5625,0.13296328,0.15828228,-0.0783446,-0.31378365,-0.20093374,-0.23341218,-0.010161,0.24054426,0.2865561,0.4377219,0.0724055,-0.30851194,-0.21180838,-0.27488026,0.11021259,0.011930739,-0.038959146,0.37211764,0.50209045,0.2945463,-0.18231654,-0.3503054,-0.20234537,0.102596976,-0.016622351,-0.25959358,0.21724516,0.3200024,0.40978485,0.061921,-0.4587822,-0.1236122,-0.14905597,0.032987647,0.17292441,0.2599026,0.31769094,0.2270016,-0.036719535,-0.21060482,-0.25709003,-0.33823955,0.09558168,0.18675172,0.26260337,0.2627239,0.18355174,0.037092015,-0.022183448,-0.11998268,-0.28506657,-0.06321409,0.3078522,0.29356056,0.3750612,0.21102653
0.5664,0.1387445,0.051850416,0.030270007,-0.14701043,-0.100594655,-0.33528465,-0.040700246,0.24155998,0.24935095,0.49711034,0.010003898,0.026510661,-0.1857571,-0.043278955,-0.100510515,-0.07509936,0.050432183,0.2381892,0.27332503,0.3505679,-0.092938125,-0.2447491,-0.22498964,0.014903618,-0.08784075,-0.053670805,0.28833914,0.4364063,0.38449687,0.054880433,-0.39834812,-0.27584112,-0.16589078,-0.120080076,-0.038641866,0.1181861,0.39320898,0.30284005,0.13529947,-0.18376414,-0.25806627,-0.0024537512,-0.04253836,0.054887675,0.07379492,0.1906619,0.40090558,0.10455547,0.13411514,-0.26097095,-0.3524967,-0.017008364,0.27642894,0.1919893,0.16601981,0.33603314
0.5703,0.104787305,0.0546064,0.15309773,-0.21887669,-0.19532521,-0.48431107,-0.03782843,0.3236495,0.23341529,0.36531073,0.17321347,0.003364621,-0.18722983,-0.15620208,-0.18972978,-0.022224927,-0.22634268,0.30041853,0.48836425,0.30606616,-0.030663235,-0.18418331,-0.18240458,-0.16948563,-0.19631939,-0.062596664,0.3093904,0.34085038,0.38941857,0.07885035,-0.19242631,-0.26765135,-0.19054712,-0.080305554,-0.074082814,0.18576595,0.35612917,0.3427749,0.1198723,-0.338264,-0.13639903,-0.1622434,-0.14576778,0.05604472,0.13641872,0.40053037,0.35360113,0.16083793,0.1191372,-0.041371707,-0.22095306,-0.06927725,0.082281336,0.0037557299,0.056353353,0.46867436
0.5742,0.1267034,0.14365631,0.18564047,0.061567325,-0.15234727,-0.569193,-0.21301547,0.2423249,0.2828305,0.32331568,0.11694777,0.11836081,0.06942409,-0.13008389,-0.3943008,-0.03032582,-0.104512796,0.17080675,0.38768086,0.36481017,0.053826593,-0.042554058,-0.3938212,-0.16388957,-0.3478014,-0.19335636,0.22952339,0.42016208,0.32655227,0.010687421,-0.12459449,-0.18913954,-0.23788531,-0.2186491,-0.3175551,0.14824565,0.46713063,0.32125905,0.20851913,-0.11817702,0.025080543,-0.2128886,-0.18446688,-0.17925213,0.056993015,0.3894712,0.29720297,0.19011779,0.14236014,-0.1607948,-0.24929494,0.028516527,-0.13413991,0.15326113,0.101045735,0.5770507
0.5781,0.20999455,0.26616782,0.3400114,0.13355497,-0.20192546,-0.4520638,-0.3449096,0.18682572,0.29507363,0.25508526,0.12482508,0.13096273,-0.025224935,-0.015669608,-0.27346215,-0.3855022,0.031429447,0.2877309,0.28460577,0.18045154,0.008499087,0.064907186,-0.070836306,-0.32466495,-0.3390556,-0.12002667,0.1829495,0.42805186,0.3251763,0.09066069,0.022288926,-0.16709971,-0.09272877,-0.26183072,-0.17481291,0.17693222,0.419047,0.4349104,0.1961433,-0.13834292,-0.12755243,-0.16164654,-0.2296674,-0.17063788,-0.16607773,0.34311357,0.41455618,0.09712077,0.13522922,-0.17862579,-0.21973325,-0.13896385,-0.29301244,-0.15075268,0.09797697,0.5765023
0.582,0.1407566,0.16895248,0.17317167,0.100213625,-0.1422668,-0.40816873,-0.36887497,-0.0002756528,0.079215795,0.0650714,0.11611505,0.3282131,0.2912362,-0.05074353,-0.46060416,-0.41993436,-0.16076346,0.16227967,0.29673293,0.20112221,0.25449076,0.16163884,-0.014575456,-0.18870898,-0.42596337,-0.17307585,0.22955483,0.30691177,0.27783582,0.0030524083,0.117382996,-0.008819062,-0.11911941,-0.33461872,-0.45404953,0.14292295,0.3036166,0.39120468,0.11892891,-0.07323178,-0.068465725,-0.112275496,-0.13137594,-0.421488,-0.22882111,0.2770647,0.3863537,0.2216949,0.091286555,-0.22203939,0.07822889,-0.22862937,-0.24164782,-0.28254905,0.04747157,0.45083287
0.5859,0.12159134,0.38361686,0.34634703,-0.044123154,-0.2507859,-0.4584065,-0.31481358,-0.116201386,0.07694712,0.1869025,0.2621747,0.3220058,0.25140762,-0.14672323,-0.36912507,-0.3904008,-0.005458452,0.05868163,0.26896328,0.18493201,0.33419025,0.25195512,0.12065628,-0.077449866,-0.46919942,-0.13422485,0.052857343,0.15935798,0.22575405,0.12773871,0.210082,0.11038416,-0.23491032,-0.3210443,-0.39706948,0.041741736,0.32801923,0.18780908,0.037015337,0.043440603,0.05078974,-0.10796564,-0.2399898,-0.42603406,-0.10718386,0.07292331,0.19708964,0.17279804,-0.0060441266,-0.16801943,-0.056898434,-0.31678182,-0.25396264,-0.37557358,0.06772315,0.34467688
0.5898,0.06487399,0.33622628,0.33735102,0.074235305,-0.30951327,-0.2871336,-0.2907699,-0.16176306,0.13718753,0.1453277,0.33794886,0.38622773,0.08055803,-0.105357856,-0.3109041,-0.28087732,0.038763538,0.04397207,0.15715007,0.09550422,0.4399677,0.31976643,0.19364142,-0.21326864,-0.23873977,-0.23345709,0.01299318,0.20736586,0.17737067,-0.012229624,0.47296292,0.27424178,-0.14112902,-0.3863685,-0.4590752,-0.1216943,0.16781723,0.098085426,0.07772638,0.12489265,0.13719076,0.0010816139,-0.34930897,-0.45119476,-0.25309372,0.0049908757,0.24514973,0.19289877,-0.0032397367,-0.05660541,0.019944323,-0.16337624,-0.3878329,-0.35953474,0.15805855,0.122341916
0.5938,0.029128086,0.49144885,0.41868216,0.23808533,-0.24867931,-0.18168882,-0.15481253,-0.23102391,-0.14344035,-0.039803144,0.3115856,0.48703954,0.27315402,0.011832771,-0.20548214,-0.1251392,-0.062384717,-0.054221656,-0.02199375,0.17918716,0.5442637,0.4178191,0.123464204,-0.23066281,-0.5188591,-0.09668511,-0.0012481571,0.07307287,-0.005484017,0.09943405,0.33471635,0.25965258,-0.2592283,-0.4729297,-0.37758175,-0.053041056,-0.013258106,0.06632396,0.07625366,0.16505983,0.1345616,-0.10829783,-0.3788406,-0.38628396,-0.059891548,0.18497996,0.13753253,0.1424973,0.16860761,0.08467854,0.032885343,-0.26221293,-0.35448152,-0.38731754,-0.16925108,0.13550797
0.5977,0.13183513,0.23959105,0.35062096,-0.06995459,-0.11024448,-0.23430501,-0.16689338,-0.16672936,-0.07536746,0.021550896,0.4702171,0.32740614,0.34453243,-0.031933893,-0.2145651,-0.039639182,-0.053202007,-0.13306096,-0.02247647,0.13195308,0.27417576,0.4472225,0.22677007,-0.27992004,-0.27252138,-0.26454592,-0.19942446,-0.17049043,-0.11543186,0.2236881,0.4978739,0.23107146,-0.222285,-0.4589937,-0.26861462,-0.07922946,-0.02666988,-0.12873998,0.044310577,0.405153,0.24339375,0.029830985,-0.3610329,-0.35569614,-0.18292199,-0.074182406,0.10098112,0.0288379,0.13695702,0.3459275,0.048789226,-0.3719811,-0.23556076,-0.20035933,-0.11679288,0.03880738
0.6016,0.17734005,0.35712466,0.34437856,0.107541196,-0.065935604,-0.022081617,-0.054915138,-0.16485494,-0.23816934,-0.018865153,0.41027594,0.5518266,0.25480798,-0.09546139,0.01979219,0.053344443,0.0013570325,-0.1246239,-0.07904057,0.19134428,0.36365974,0.41343412,0.094863236,-0.10778115,-0.3381224,-0.27980095,-0.08216462,-0.29071844,-0.04392282,0.4384117,0.4758445,0.20522875,-0.26390743,-0.36043492,-0.25246698,-0.097468056,-0.14563842,-0.146146,0.14352313,0.5130712,0.2911162,-0.14683984,-0.3190225,-0.26319954,-0.1871153,-0.04465614,-0.27316913,0.005866259,0.38027197,0.3417984,0.027158156,-0.24037172,-0.31596538,-0.3494342,-0.0058433027,-0.12663428
0.6055,0.32454732,0.26893777,0.4458581,0.047665693,0.17021388,0.19355208,0.017688649,-0.23203784,-0.2003295,0.04662636,0.2692153,0.40344486,0.28790066,0.11364757,0.30146867,0.20682575,-0.029004976,-0.3331568,-0.1841448,0.15529521,0.30525988,0.26007846,0.23041376,0.24506485,-0.19323865,-0.15631314,-0.2914468,-0.34956178,-0.21176846,0.110916965,0.270318,0.30108264,-0.28797448,-0.33997694,-0.078085005,-0.21265519,-0.19183107,-0.13445404,0.10856252,0.2000119,0.23609452,-0.08259922,-0.33609632,-0.21428946,-0.14647664,-0.3127943,-0.23682429,-0.21491034,0.21151027,0.29079568,0.08444587,-0.28472328,-0.38008735,-0.3016661,-0.2046372,-0.38217413
0.6094,0.20791076,0.29549006,0.23022896,0.20901674,0.21626505,0.29720283,0.11506317,-0.06806594,-0.17469934,0.0003685999,0.24564248,0.42153782,0.12191052,0.062228616,0.43765712,0.2297262,-0.22967252,-0.20798005,-0.24169038,0.16457833,0.32036993,0.19546235,0.10981238,0.14799395,0.04728887,-0.17120604,-0.32458916,-0.29942298,-0.12324977,0.10664599,0.24533537,0.2144478,-0.316247,-0.27680084,-0.1144492,-0.10552109,-0.28486723,-0.3090864,0.16435987,0.15693778,0.25547796,-0.03046168,-0.2962671,-0.09450617,-0.18142317,-0.32983035,-0.30967286,-0.2808716,0.43927214,0.3266926,0.14605705,-0.1952106,-0.18921643,-0.067597866,-0.14566852,-0.34209266
0.6133,0.27193317,0.32235587,0.20893292,0.12024942,0.5259163,0.26773423,0.30640754,-0.0064083566,-0.19495957,-0.00079434214,0.2699482,0.16263025,0.034081437,0.34508848,0.47822708,0.35205057,-0.31690967,-0.48236543,-0.23243357,0.06335974,0.23651156,0.2006751,0.030667504,0.2675327,-0.18148425,-0.14634524,-0.36567235,-0.35601395,-0.14712799,0.13820614,0.15112953,0.0627348,-0.2074466,-0.2703976,-0.15420839,-0.21731876,-0.41569644,-0.42652,-0.09844387,0.15303755,0.2260951,-0.0002525671,-0.06672423,-0.12393853,-0.079375274,-0.23842043,-0.39721105,-0.19138762,0.45852888,0.29127884,0.23638631,-0.10270162,0.028677901,-0.040769964,-0.1844151,-0.31398144
0.6172,0.15336804,0.22359273,0.09801616,0.22996268,0.28473142,0.42674026,0.29629242,-0.011760691,-0.15849729,0.14449659,0.12573837,0.07921894,0.07289123,0.27555725,0.4727085,0.42097318,-0.39622587,-0.28517345,-0.10653609,0.0123707885,0.13190903,0.16817172,0.06269688,0.37775657,-0.15364017,-0.22930506,-0.3934435,-0.32698047,-0.07853942,0.15023625,0.12053259,-0.05215119,-0.06983064,-0.14702046,-0.13670942,-0.30647507,-0.475641,-0.30657047,0.038080476,-0.058536723,0.19438028,0.036725223,-0.043120194,0.049033117,-0.11170595,-0.3119477,-0.52385694,-0.25742754,0.4325768,0.327438,0.20731993,-0.100073986,0.030665146,0.018480545,-0.1450895,-0.43989906
0.6211,0.08603894,0.1417419,0.066175275,0.2718931,0.4573328,0.5220994,0.26301858,-0.010058742,-0.27895764,0.036074173,0.21980298,-0.040205438,0.030659903,0.213564,0.35663795,0.31231847,-0.2986478,-0.4839088,-0.15423927,0.07556061,0.1315357,-0.047843035,0.13320783,0.43041942,-0.11574982,-0.054245695,-0.4516592,-0.39480674,0.025727222,-0.08740047,-0.07659809,-0.112034455,-0.09642533,0.18331078,-0.055383854,-0.28136808,-0.4427716,-0.32094395,-0.001603766,-0.14224322,0.08230007,-0.042593166,0.12914205,0.20011362,-0.10514247,-0.25533772,-0.49732447,-0.25514376,0.36653462,0.1533688,0.049034886,0.009549971,0.27984166,0.13182254,-0.07314565,-0.31184644
0.625,0.07761604,0.06712545,0.01695986,0.39099112,0.3387316,0.50189203,0.21595387,0.24360909,-0.073268995,0.1409794,0.09486992,-0.03622464,-0.041222427,0.22314394,0.4137238,0.3072454,-0.51035863,-0.38871944,-0.21574521,-0.063328505,-0.12640506,-0.20181195,-0.0077964,0.2521364,-0.21182637,-0.19850652,-0.44071445,-0.40184787,-0.28069344,-0.17091128,-0.17588177,-0.14885762,0.054872904,0.030645788,-0.102041796,-0.10137676,-0.38785663,-0.26581413,-0.17305918,-0.33712098,0.0875194,0.027288223,0.28007728,-0.0063720117,-0.1666353,-0.26589933,-0.33915123,-0.034668814,0.24553514,0.20440479,0.21756096,0.071587846,0.2640683,0.13916074,-0.13991934,-0.22046447
0.6289,0.061707687,0.011708771,0.018713525,0.24841964,0.3228003,0.4023416,0.18081419,0.17784427,-0.19177161,-0.08203247,0.016394854,-0.14624524,0.04152599,0.0994832,0.22900988,0.23119242,-0.44981912,-0.38953742,-0.26023597,-0.29059434,-0.21752083,-0.25133786,0.04456284,0.14745426,-0.124315284,-0.2061083,-0.4288909,-0.20889238,0.018271938,-0.3542478,-0.38163733,-0.39779007,0.02021282,0.24662332,-0.2708074,-0.18409327,-0.3223213,-0.14725244,-0.14638361,-0.45270976,0.05015671,-0.09982791,0.28305387,0.17757782,-0.1859488,-0.23051317,-0.23535034,-0.0437811,0.30625933,0.1764256,0.18147624,0.15292712,0.37288675,0.1490771,-0.21509275,-0.074932314
0.6328,0.23339637,-0.15829003,0.05335677,0.28234306,0.2694533,0.3103935,0.17788586,0.22501692,-0.09338509,-0.24460725,-0.025185607,-0.27087045,-0.14167075,0.09581639,0.1339401,0.25940472,-0.4322289,-0.33080894,-0.08184321,-0.29788196,-0.3035353,-0.42840886,-0.16299507,0.06755496,-0.26926628,-0.2182082,-0.42570746,-0.25393128,-0.19159365,-0.44120547,-0.17430244,-0.38188535,0.23261116,0.13828209,-0.23300058,-0.13202378,-0.25459972,-0.048252944,-0.10251996,-0.44717252,0.130449,0.13557838,0.34105518,0.19761802,-0.09716578,-0.20129193,-0.15646061,-0.0032998656,0.24287619,0.08845907,0.101287946,0.2033618,0.3710023,0.057686634,-0.033785548,0.07391851
0.6367,-0.037546515,-0.101159535,0.080645524,0.1090948,-0.041305933,0.20907782,0.11991413,0.1955626,-0.09724844,-0.17571828,-0.02161019,-0.38087964,-0.0747415,0.16661492,-0.11362715,0.08513509,-0.4711892,-0.191137,-0.20965016,-0.56775755,-0.32743567,-0.29175952,-0.05714711,-0.11207577,-0.20305541,-0.1619096,-0.3983093,-0.12879755,-0.17072439,-0.42714238,-0.38714287,-0.3222188,0.25802174,0.093481116,-0.116850786,-0.25483435,-0.18331671,-0.011339154,-0.19731657,-0.56651133,0.15375945,0.29844618,0.6027831,0.25269353,-0.04761505,-0.16594802,0.12098255,0.0575242,0.2983254,0.29225665,0.16428304,0.30291387,0.42650074,0.038791675,0.29605627,0.018463181
0.6406,0.03141726,-0.16500282,-0.021703841,0.2506769,0.016231442,0.18346065,-0.078914665,0.13183942,-0.10426724,-0.30284825,-0.20917669,-0.44903174,-0.108080044,0.15213247,-0.224521,-0.030334543,-0.39043596,-0.08490776,-0.179408,-0.47970417,-0.4482421,-0.39088053,-0.2011144,-0.23001303,-0.34997013,-0.19121166,-0.19037339,-0.19119835,-0.32121864,-0.46297473,-0.36297333,-0.41226956,0.18853983,-0.03413442,-0.067754604,-0.18480173,0.011264374,0.06315866,-0.18146527,-0.3727146,0.028017396,0.3483515,0.40309122,0.19062476,0.19441701,0.1058951,0.13032636,0.29400566,0.096732296,0.1898805,0.19614926,0.31562516,0.4153067,0.10613454,0.13472474,0.14681251
0.6445,-0.15860517,-0.23285116,-0.00014063888,0.022131467,0.014300538,0.044317227,-0.09617051,0.041272607,-0.15776268,-0.35598716,-0.295522,-0.3851999,-0.24145386,-0.07393739,-0.3126008,-0.34906363,-0.18254542,-0.059674695,-0.15219203,-0.37226036,-0.39408362,-0.4371594,-0.13828693,-0.2562771,-0.3546142,-0.19043846,-0.3472496,-0.056690138,-0.14809734,-0.28996292,-0.41330382,-0.27319643,0.28749213,0.06012282,-0.088952206,-0.13261555,0.0033882326,0.29318297,-0.17685314,-0.07057538,0.14866349,0.33309412,0.30676162,0.1397966,0.26807883,0.1924088,0.13917178,0.27226657,0.14418265,0.18501805,0.15915918,0.45018134,0.23388352,0.06921781,0.36574796,0.2105716
0.6484,-0.0821008,-0.25207675,-0.13200784,-0.062531285,-0.26688665,-0.043879993,-0.33153674,0.13335848,-0.30195576,-0.35098767,-0.22977166,-0.42169288,-0.23348331,-0.24384844,-0.37371132,-0.43470505,-0.33509308,-0.1406248,-0.3821599,-0.41983798,-0.41379336,-0.35030428,-0.12852553,-0.3375876,-0.17659959,-0.14856963,-0.114139125,0.11235309,-0.21110359,-0.35347056,-0.36206466,-0.15944389,0.38097352,0.19110148,0.14794712,-0.010061725,0.3536265,0.2830538,-0.24718402,0.11596977,0.09022355,0.51554066,0.34677726,0.16838309,0.2888881,0.062481966,0.35813925,0.28938702,-0.012873365,0.3675382,0.19328012,0.42214596,0.25202242,0.16161186,0.1917708,0.27360925
0.6523,-0.1834561,-0.2884464,-0.05958369,-0.13059242,-0.2849148,-0.19519113,-0.22741547,-0.048213236,-0.4012888,-0.48495936,-0.3143543,-0.42192417,-0.14303409,-0.3605987,-0.3694707,-0.35145977,-0.3003448,-0.07014975,-0.31572795,-0.32993445,-0.44725344,-0.30110073,-0.07253538,-0.21044157,-0.19508885,-0.31136563,-0.039631,0.02130908,-0.18935314,-0.02680547,-0.08448301,-0.118860215,0.20654938,0.16982874,0.13281025,0.024189787,0.32693937,0.29078078,0.008718062,0.29809755,0.09395578,0.39439616,0.44586426,0.094936766,0.3086518,0.10958493,0.46863616,0.33341277,0.114444725,0.33636108,0.09262445,0.47401574,0.105745636,-0.0033025232,0.2843531,0.2628752
0.6562,-0.28128242,-0.16052093,0.001236779,-0.35292315,-0.26122198,-0.24255562,-0.22726588,0.16450341,-0.2929554,-0.4093218,-0.44083858,-0.2188926,-0.004549502,-0.46243137,-0.4123561,-0.64475137,-0.1275073,-0.12951729,-0.33535123,-0.46479714,-0.28634378,-0.066243604,-0.07062078,-0.3070443,0.13029203,-0.2699417,0.119468905,0.16222602,-0.27779686,0.059105124,-0.26962963,0.13343918,0.1971642,0.09555482,0.39744538,0.062398687,0.26843154,0.25279248,0.031138938,0.3643719,0.15017514,0.38847294,0.18164453,0.14444453,0.54256094,0.2011373,0.4743535,0.30836073,-0.07638934,0.3663187,0.30442956,0.48019034,0.07138262,0.086310275,0.40656796,0.29684514
0.6602,-0.3243154,-0.30962396,-0.031150939,-0.31266993,-0.34738028,-0.37342,-0.31889102,-0.21251957,-0.3909949,-0.35178927,-0.43038708,-0.28949952,-0.11809044,-0.26114905,-0.38855338,-0.33389243,-0.11986236,-0.14411674,-0.28034943,-0.1523893,-0.2988596,-0.07007969,-0.104938366,-0.17697747,-0.0051969155,-0.09432265,0.06473302,-0.058316518,-0.053122647,0.1807722,0.003952192,0.2534151,0.2403885,0.029497368,0.41841996,0.13146871,0.42567602,0.16233975,0.08343786,0.2522765,0.13921084,0.40829787,0.16507117,0.10298396,0.44361517,0.26822266,0.44679013,0.21240969,0.27516603,0.21922325,0.004455939,0.322782,-0.05507053,0.09080517,0.24912764,-0.041273933
0.6641,-0.4145015,-0.30620074,-0.117315315,-0.32864985,-0.3454405,-0.37033623,-0.14545792,-0.27384022,-0.34614378,-0.36135867,-0.41329688,-0.124565534,-0.2969543,-0.41236043,-0.055290226,-0.5081667,0.033781473,-0.16365063,-0.17536858,0.018601319,-0.13957377,0.07023902,0.060257524,-0.22998019,0.11153677,-0.048573267,0.2107972,0.08193189,0.09563654,0.18770814,-0.002355497,0.39659318,0.37102976,0.10032475,0.34169006,0.15369952,0.5000509,0.29961842,0.26467428,0.40183622,0.29640704,0.34219608,0.24682331,0.34470406,0.38429317,0.22459471,0.46637982,0.14398868,0.14019448,0.30997983,0.18230028,0.2215396,-0.010071728,0.07761719,0.087082915,0.094182596
0.668,-0.36671942,-0.31312403,-0.111984566,-0.42008078,-0.41937006,-0.38119322,-0.30293617,-0.16624014,-0.43913102,-0.20916806,-0.38089386,-0.18899454,-0.40212178,-0.17972669,0.13269615,-0.21708658,-0.0039528245,-0.12313258,-0.3012912,0.13103166,-0.1456336,0.2096887,0.16800474,0.025957534,0.27686292,0.070518956,0.30017927,0.11385229,0.11471749,0.3114036,0.15042284,0.33111554,0.1291027,0.17455003,0.39816186,0.24620442,0.41578916,0.18923566,0.1729519,0.51049405,0.26547736,0.43848956,0.09060716,0.29018626,0.4286393,0.25235957,0.16947632,0.007220954,-0.02844506,0.32668024,0.15109013,0.14649153,-0.08628956,0.07776685,-0.09768842,0.025401136
0.6719,-0.45840538,-0.3043049,-0.19138514,-0.5670365,-0.13927382,-0.4916528,-0.15091135,-0.08844401,-0.51900446,-0.02523394,-0.47327378,-0.057234988,-0.10783187,-0.1366946,0.097921565,-0.23011525,0.014110603,-0.08381006,-0.0700889,0.24720183,-0.0367014,0.20503002,0.0347911,0.07316802,0.22929662,0.093148395,0.43024683,0.25918904,0.32019922,0.50135607,0.20396383,0.43926087,0.19343807,0.4025996,0.37176353,0.3790068,0.29953808,0.08885427,0.36308888,0.43438184,0.36380515,0.36320955,0.05864663,0.19681536,0.15966998,0.17153658,0.09602043,-0.087246716,0.14689086,-0.03274669,0.15064357,0.022124331,-0.17982869,-0.020129437,-0.33854774,-0.094788484
0.6758,-0.52882195,-0.29073226,-0.18734227,-0.42740315,-0.1373256,-0.5204748,-0.08198275,-0.17118236,-0.29531205,-0.06391671,-0.43541026,-0.0082570305,-0.1541492,-0.24675947,0.06380705,0.044207748,-0.06296826,-0.25244617,0.068070345,0.20826867,0.021115093,0.347383,-0.025381088,0.28355697,0.15748577,0.2013295,0.39829725,0.04464909,0.4052377,0.37470943,0.22185257,0.5110471,0.1646796,0.49018863,0.36912897,0.2050814,0.27555913,0.062573254,0.3266996,0.27150717,0.28933272,0.32431495,0.11448147,0.27452114,0.04079284,0.11443785,0.10645574,-0.27105945,0.13691978,-0.01704735,0.022059713,-0.1136505,-0.3547033,-0.09919628,-0.26793006,-0.29511073
0.6797,-0.5336221,-0.23782592,-0.2985709,-0.3005968,-0.15723552,-0.1949481,0.010965933,-0.08406452,-0.33114704,-0.16340782,-0.321157,-0.06580317,-0.033687208,-0.026417194,0.1739082,0.3326425,-0.02471553,-0.108665705,0.0855884,0.23046191,0.15721038,0.3983296,0.17387031,0.40033734,0.39822814,0.12912379,0.28924486,0.19059925,0.33808115,0.34884858,0.31244636,0.48569778,0.10415159,0.42774057,0.26597765,0.35322666,0.31238315,-0.04371974,0.2138094,-0.014574961,0.3055194,0.17540461,-0.04112546,0.30525476,-0.08791028,0.24400228,-0.2929044,-0.14172398,0.13322645,-0.19861896,0.12963377,-0.21845639,-0.2831537,-0.016316537,-0.43241245,-0.15310523
0.6836,-0.41427067,-0.15586612,-0.37784445,-0.4100881,-0.039073423,-0.1951803,0.107963346,-0.20083773,-0.20235324,-0.18321845,-0.25113568,0.22518271,-0.14504181,0.112698965,0.30420262,0.03157248,-0.027110301,0.02632593,0.1930807,0.13660587,0.29611674,0.27525157,0.124202736,0.40209958,0.12924638,0.28270644,0.32849675,0.2323567,0.5405599,0.16998386,0.10126671,0.31038776,0.17817976,0.41274312,0.111975275,0.4240965,0.040697593,0.05897058,0.16094948,-0.2586321,0.48156822,0.12516955,-0.10860184,0.23144498,-0.29039764,-0.038989373,-0.2709482,-0.39737108,0.11175521,-0.01320999,-0.0049343044,-0.37990645,-0.37279996,-0.19599165,-0.5633329,-0.19666809
0.6875,-0.28763416,-0.11203808,-0.33976752,-0.24723685,-0.073673755,-0.2317933,0.21307948,-0.042031053,-0.19915766,0.037176136,-0.14366487,0.1531339,-0.00031546925,0.28055656,0.3669971,0.3362028,0.14171667,0.03040595,0.32365847,0.19844477,0.282263,0.39305067,0.13917789,0.575873,0.14607565,0.23738247,0.40325925,0.11591237,0.4221521,0.12681843,0.22740468,-0.014450518,0.16297689,0.5470025,0.015207163,0.2846602,-0.046422604,-0.012309519,-0.02610032,-0.3007194,0.2149479,-0.11129995,-0.10635519,0.0032397357,-0.2611644,0.06344865,-0.27031225,-0.271214,0.025372015,-0.16874637,-0.12922512,-0.31017813,-0.2616342,-0.12276125,-0.4260058,0.015292602
0.6914,-0.36367133,-0.12750083,-0.57763565,0.0065059946,-0.06001443,-0.038822178,0.338579,-0.0026281609,0.043248355,-0.12259447,0.03972302,0.25191873,0.09928105,0.37637544,0.14778303,0.19448225,0.0047122147,-0.04823333,0.38398537,0.09081879,0.4036403,0.32283086,0.17792884,0.44615647,0.111003496,0.41247082,0.20630458,0.16089347,0.3815713,-0.08063089,0.18017915,-0.042018957,0.20934731,0.32494852,0.09863816,0.22155923,-0.010314789,-0.08534816,0.0032532117,-0.3871005,0.41831204,0.0066053746,0.04110126,-0.26322368,-0.39856553,-0.0034043004,-0.3318812,-0.34735876,-0.06536755,-0.25662768,-0.16913359,-0.4237579,-0.1679011,-0.29782376,-0.3076597,-0.026672129
0.6953,-0.34667647,-0.19017826,-0.29911232,0.06255251,0.03298955,0.18853645,0.42233115,-0.0061429003,-0.089756295,-0.18763876,0.067362584,0.15944608,0.070949525,0.6603558,0.18242733,0.36882243,0.18837453,-0.046047047,0.4393947,0.023166062,0.33358657,0.26211998,0.077336706,0.32455996,0.16531332,0.27702096,0.24149656,0.21700828,0.3081975,-0.06356844,0.0070579667,-0.2538485,0.15538393,0.3445633,0.03875028,0.27971396,-0.17512806,-0.12886168,-0.15558088,-0.30268106,0.42076278,-0.08037878,0.015488804,-0.107515045,-0.40126592,-0.11477364,-0.39308193,-0.17575896,-0.17751786,-0.35846543,-0.12610371,-0.33660397,-0.09968237,-0.29834703,-0.24417263,-0.04400311
0.6992,-0.2730055,-0.072438456,-0.54867446,0.15974505,-0.09839102,0.2151359,0.33205193,0.18458776,-0.012852141,-0.16677624,0.17938522,0.21135174,0.14247347,0.3642442,0.14987664,0.29013234,0.08081895,0.16601641,0.4454579,0.068994574,0.45760718,0.16125275,0.05678084,0.15741488,0.15733308,0.46573535,0.19311865,0.10726264,0.1995658,-0.11405089,0.13928892,-0.3139755,0.32035598,0.2984872,0.008269004,0.07415855,-0.30611792,-0.19446221,-0.25287268,-0.37336794,0.31847247,-0.22598544,-0.06266785,-0.3100627,-0.39208353,-0.3229579,-0.3683173,-0.11064695,-0.11365295,-0.30949202,-0.30332443,-0.37486523,-0.092680894,-0.30453014,-0.07056221,-0.063564055
0.7031,-0.1499502,-0.09520151,-0.33107424,0.33342078,0.10824647,0.2850619,0.3738931,0.024353713,0.0354717,-0.23971052,0.15061471,0.15598918,0.24145989,0.42578313,0.14272952,0.25222147,0.04511538,0.034916084,0.3093809,0.26786506,0.33930546,0.072047904,0.027582463,0.08069192,0.097049445,0.33732033,0.11045966,0.18648748,-0.12834516,-0.16190062,-0.09849036,-0.47329077,0.42436305,0.11114349,0.022845732,0.07497006,-0.367794,-0.31241533,-0.3107277,-0.30455568,0.1910922,-0.19436952,-0.11327517,-0.28966153,-0.33599216,-0.18563275,-0.43478942,0.052555528,-0.15914045,-0.14050627,-0.09418432,-0.46325502,0.011693653,-0.24355291,0.08011657,0.20226313
0.707,-0.18398932,-0.17401786,-0.07863465,0.26965246,-0.03086732,0.4915319,0.20927222,0.08527498,-0.05950969,0.023302047,0.27552286,0.3024123,0.33422542,0.37735608,0.00053563813,0.08852685,-0.0110462485,0.3673263,0.41423774,0.15290461,0.40585032,0.04341707,0.099644296,-0.30617216,0.1919035,0.41225883,0.2897589,0.3050357,-0.07693427,-0.27206194,-0.13987677,-0.57732123,0.38321522,0.038639687,-0.030940747,-0.078257166,-0.49405923,-0.26012006,-0.43475512,-0.17524038,0.26954025,-0.23538965,-0.07332146,-0.33432978,-0.2908861,-0.21930802,-0.15680309,0.17410448,-0.32408282,-0.26348692,-0.19141057,-0.27222064,-0.021337692,-0.22883925,0.16594292,0.2598667
0.7109,-0.18510115,-0.21994255,0.022633169,0.30025032,0.08387006,0.34217113,0.24162832,0.112550125,0.026952837,-0.041020285,0.40906915,0.21548261,0.32914233,0.22177793,-0.13358767,0.11930543,0.09462947,0.33510554,0.36934862,0.21615152,0.28522623,-0.24948646,-0.054007825,-0.21771859,0.26806688,0.48743102,0.010156863,0.22094987,-0.29042876,-0.2276408,-0.21658684,-0.45767862,0.4658253,-0.049147766,0.042198583,-0.2194773,-0.3735787,-0.20444514,-0.49460134,-0.005354712,0.07861018,-0.09986923,-0.007434301,-0.3602634,-0.14095134,-0.15638967,-0.22844662,0.16549058,-0.33903655,-0.24044749,-0.16687934,-0.4872508,-0.021918518,-0.100066826,0.33125386,0.2146465
0.7148,-0.028450305,-0.13317582,0.0018963722,0.45003822,0.34683993,0.3641341,0.02965788,0.039810784,0.094754584,0.18228786,0.44953534,0.19809297,0.41759768,0.10189742,-0.0032301033,-0.1418932,-0.0074901446,0.54133457,0.23147586,0.18610208,0.3165828,-0.2770878,-0.19066338,-0.47531804,0.4093428,0.4031601,0.03564543,0.124938026,-0.17200798,-0.14633252,-0.20599446,-0.31234518,0.4134627,0.043904882,0.22084507,-0.16774246,-0.4684215,-0.20420939,-0.25763637,0.15523265,-0.014272767,-0.31574318,-0.20208,-0.31588572,-0.10893541,-0.20172967,-0.08998494,0.29513818,-0.4302891,-0.14075266,-0.19944161,-0.064631246,0.09146197,0.11659203,0.44401693,0.26749364
0.7188,-0.041393537,-0.15512645,0.13335924,0.21189824,0.3558171,0.41223904,0.060888704,0.068890855,-0.090817384,0.18320996,0.37400714,0.24900207,0.29841578,-0.11760835,0.007882259,-0.02026093,-0.0056516062,0.308386,0.043682277,0.10296532,0.025675297,-0.2708897,-0.2216976,-0.47075975,0.3204515,0.21632637,-0.08651834,0.08331937,-0.25155243,-0.18212299,-0.105292276,-0.23894641,0.33176813,0.034757167,0.10114223,-0.32254484,-0.4187278,-0.09852746,-0.18561132,0.17495328,-0.056477576,-0.20521183,-0.24419785,-0.3215493,-0.045005206,-0.019860836,0.15831025,0.42558914,-0.3258728,-0.15568484,-0.368611,-0.2142584,0.118667565,0.19784322,0.47583744,0.15458505
0.7227,0.073240176,-0.26211655,0.37553975,0.14184862,0.33476758,0.36953992,0.03731325,-0.0049709757,-0.04344093,0.3813977,0.4467508,0.2102937,0.19482368,-0.15440175,-0.105741836,-0.20079583,0.18359785,0.51870495,0.09520462,0.29802513,-0.09549062,-0.32787108,-0.14464591,-0.35641265,0.5906441,0.23268627,-0.012166848,0.042437114,-0.34728777,-0.16904674,0.0018293574,-0.09592442,0.23751606,-0.12465749,-0.049917582,-0.29076052,-0.29839042,-0.03727861,-0.15401515,0.23227417,-0.1356023,-0.29852888,-0.3410891,-0.21896142,0.16024055,0.04796723,0.21274836,0.20661649,-0.28169778,-0.18149894,-0.40867287,0.022484686,0.031809017,0.31150305,0.41658717,0.18964523
0.7266,-0.0036507081,-0.13087983,0.30466178,0.20721883,0.28857777,0.29728967,-0.23442756,-0.023292745,-0.28238818,0.37081295,0.5887257,0.15844177,0.3781579,-0.22485103,-0.091478884,-0.3026259,0.15730745,0.43125114,0.08111231,0.026829671,-0.1289138,-0.34285027,-0.24953297,-0.2221295,0.38337162,0.105900936,-0.0017519819,-0.02871929,-0.4315912,0.008811968,-0.08809991,0.03741058,0.182173,-0.15749621,-0.13204299,-0.2557026,-0.2690401,-0.08090565,0.05748994,0.44853976,-0.22632125,-0.24115312,-0.33318952,-0.15825748,-0.010097825,0.11310806,0.3610472,0.18679662,-0.27295372,-0.29907766,-0.5322247,0.11425986,0.117375106,0.22751793,0.22440326,0.09080104
0.7305,-0.09202247,-0.066034816,0.5552277,0.18705201,0.31694397,0.23034106,-0.4659716,-0.08376921,-0.061647847,0.46546608,0.3954195,-0.026480876,0.09769459,-0.30775863,-0.18016845,-0.073897436,0.15751743,0.3810591,-0.04025213,0.07972462,-0.2795068,-0.15360436,-0.27706265,-0.27403986,0.4092768,0.021427812,-0.12066798,-0.21734779,-0.45572174,-0.19690703,-0.008428642,0.19493449,0.03311283,-0.17093293,-0.38894096,-0.23430939,-0.21319218,0.06571407,0.2625095,0.20704173,-0.12926711,-0.16035917,-0.32460913,-0.0485383,0.056077585,0.04392884,0.4399232,0.22942509,-0.18281356,-0.2535719,-0.33610505,0.2552473,0.08375761,0.3063476,0.21341334,-0.21126351
0.7344,-0.09269606,-0.101434626,0.40840843,0.10278668,0.32034042,0.06839448,-0.39050785,-0.08570108,-0.042797267,0.4723996,0.3029555,0.008717132,-0.0026914505,-0.32178104,-0.22976519,-0.16590585,0.2731326,0.2515638,0.0124007575,0.022342827,-0.3617996,-0.26795027,-0.092536695,-0.072430156,0.26545578,0.08483067,-0.086468086,-0.14583306,-0.3656748,-0.037900705,0.10012954,0.3275442,0.04485205,-0.1058867,-0.18262082,-0.38297915,-0.21175446,-0.06344774,0.37843212,0.39338893,-0.3204042,-0.18104659,-0.22046404,-0.05454205,0.07293008,0.03216749,0.5635351,0.06329714,-0.15238363,-0.43159452,-0.13408738,0.22201882,-0.027680242,0.43968308,0.08098532,-0.29640022
0.7383,0.13746858,0.04183512,0.4361208,0.06300125,0.23717998,-0.02060324,-0.27132428,-0.17992988,-0.02140828,0.4493546,0.28754655,-0.03252532,-0.07646565,-0.25323954,-0.10627601,0.037290554,0.27765134,0.33353615,-0.0621841,-0.06857508,-0.27844346,-0.15809372,-0.05567309,0.13276704,0.1795227,0.045775615,-0.15391473,-0.23648511,-0.085578784,-0.19474998,0.051328223,0.35653138,0.00028883386,-0.12701912,-0.28604138,-0.31152937,0.06426876,0.023298126,0.34348884,0.035608087,-0.30554715,-0.15451188,-0.37203637,-0.047856733,0.029798489,0.16544986,0.44384694,-0.04681849,-0.23169847,-0.3412059,-0.27705914,0.14447504,0.17377809,0.46648163,-0.12045115,-0.12841672
0.7422,0.14145793,-0.012920399,0.501285,0.31970477,0.11514451,-0.1816745,-0.30105755,-0.14222373,0.19501619,0.38549846,0.24320485,0.079448186,-0.17724569,-0.24960072,-0.16062085,0.054017227,0.3559534,0.2661998,0.09694816,-0.25710028,-0.37285507,-0.17579791,-0.09046282,0.2553095,0.1296448,-0.03244492,-0.1778866,-0.34069332,-0.18729748,-0.037593395,0.20414524,0.42902318,0.051226705,-0.08034432,-0.44900426,-0.33709025,0.136578,0.06932433,0.32294208,0.02684811,-0.44242042,-0.12454048,-0.3787248,0.31972647,0.08367044,0.28434697,0.30674538,-0.091053784,-0.05889361,-0.36280623,-0.16835456,0.31993428,0.061595432,0.31181145,-0.19515698,-0.27352753
0.7461,-0.0064220414,0.26848048,0.34589013,0.18035497,-0.01258157,-0.24893199,-0.2687496,-0.09072472,0.17031053,0.28124186,0.15375178,0.018970774,-0.3118571,-0.2484206,-0.14267652,-0.02705278,0.31065652,0.2744882,0.068110734,-0.44694886,-0.43367034,-0.12546465,0.0106371585,0.44198418,0.04741345,-0.084036246,-0.022419836,-0.48722032,-0.21602808,0.0038042744,0.18559593,0.5510584,-0.09109572,-0.043358803,-0.5489852,-0.35650608,0.17428467,0.1941593,0.333799,0.035259243,-0.3518905,-0.18936062,-0.27231917,0.20121408,0.108701594,0.15650396,0.31224495,-0.31708753,-0.17962153,-0.29151008,-0.123209365,0.3462658,0.19975524,0.20224544,-0.17303286,-0.46533233
0.75,-0.028739052,0.33334306,0.20387003,0.10746318,-0.16270351,-0.31691054,-0.12762253,-0.0664003,0.26030886,0.37644586,0.0878257,-0.11871611,-0.3656151,-0.25825027,-0.03496234,0.08797392,0.56275535,0.14594409,-0.074094415,-0.4514145,-0.4280321,0.030519174,0.056979377,0.6941357,0.031764258,-0.18623386,-0.15408249,-0.50531876,0.1245833,-0.031964675,0.15817282,0.3813903,-0.2323126,-0.12380746,-0.5254344,-0.41619647,0.20102797,0.15605457,0.35585558,-0.1312215,-0.45012984,-0.09610602,-0.22434416,0.32701313,0.17939761,0.16929315,0.08311874,-0.3551578,-0.07186225,-0.17586036,0.02345196,0.20653911,0.072562434,0.23429252,-0.15124759,-0.4750269
0.7539,0.10256641,0.28741693,0.20689227,0.22813976,-0.37840667,-0.35517868,-0.061616845,-0.04552792,0.31320563,0.10595504,-0.09345567,-0.05190945,-0.42208016,-0.12512359,-0.17119952,0.14645834,0.38740456,-0.03462033,0.053493112,-0.4946129,-0.42120254,0.20738894,0.14011644,0.46801808,-0.04306457,-0.25263786,-0.31078416,-0.42874148,0.23005743,-0.013070026,0.17384505,0.28377005,-0.29443192,-0.14503027,-0.3655386,-0.07968256,0.32499707,0.18772346,0.3899907,-0.29785997,-0.45084414,-0.20149702,-0.23993707,0.20810427,0.18345012,0.088869356,0.08494972,-0.3843521,-0.21202756,-0.20516913,0.17160256,0.3419589,0.13946204,0.04094152,-0.38936552,-0.28723207
0.7578,-0.095210366,0.3912084,0.14782397,0.1329707,-0.40456975,-0.3316899,0.10983344,0.02177845,0.24708426,0.13261068,-0.13010201,-0.17629565,-0.4287376,-0.009480399,-0.056234438,0.26943916,0.5566318,-0.11220016,-0.017821817,-0.5026055,-0.20747158,0.27119684,0.1851487,0.32280958,0.07704602,-0.3489396,-0.019270368,-0.34665376,0.2916086,0.012262925,-0.009795751,0.1686346,-0.2042187,-0.19765174,-0.33338526,-0.19917317,0.38245848,0.07372415,0.09269379,-0.203244,-0.35999486,-0.20611054,0.070211045,0.31616318,0.24946965,0.02968327,-0.10823224,-0.34063333,-0.14673539,-0.117551245,0.03907605,0.21963581,0.15673155,-0.07165658,-0.10387417,-0.29753527
0.7617,-0.08075254,0.2280994,-0.0116249565,0.0846366,-0.3533744,-0.3374231,0.20377311,0.040906306,0.33171013,0.11465362,-0.13628171,-0.09774659,-0.6067234,0.101614684,0.089423485,0.17666663,0.41929874,-0.17090817,-0.033468198,-0.33722216,-0.32139683,0.33752936,-0.022556027,0.17095205,-0.015721932,-0.3267351,-0.23734607,-0.40572888,0.27336088,0.19529155,0.10954571,0.009703428,-0.11613926,-0.2701964,-0.18009937,0.07156998,0.35269138,0.13803895,-0.048648644,-0.23379187,-0.25405636,-0.19319355,-0.0025340044,0.041071754,0.330876,0.071308635,-0.20060852,-0.15313347,-0.25363278,-0.09528995,0.12894182,0.29773524,0.26261094,-0.30949458,-0.09589679,-0.11713617
0.7656,0.0383345,0.35138434,0.020978272,0.08787473,-0.53565174,-0.33757502,0.3537077,0.17530508,0.4890515,0.14843427,-0.19665006,-0.24972163,-0.24261016,0.10536229,0.13211028,0.1181608,0.47195458,0.026202982,-0.17415366,-0.43158218,-0.2844211,0.33251312,0.17250529,0.09749427,0.009486337,-0.40702745,-0.2229211,-0.13842283,0.29480365,0.3492285,-0.08100391,-0.140915,-0.17229071,-0.3438422,-0.1211111,0.099382885,0.44471377,0.28061798,-0.20153573,-0.23001593,-0.2756439,-0.22286122,0.11892304,0.1675306,0.19761133,-0.033704273,-0.45858145,-0.28817818,-0.35962594,-0.036785882,0.40982407,0.17037259,0.1013436,-0.4119444,-0.116673365,0.036564894
0.7695,-0.029407585,0.4277762,-0.05418709,-0.12721649,-0.41406733,-0.3391474,0.34928352,0.15884058,0.2353649,0.10941795,-0.27591136,-0.11860475,-0.31763047,0.109697945,0.3209476,0.028202416,0.42995048,-0.14538048,-0.2846755,-0.22462219,-0.033480257,0.3334407,0.22929804,-0.11185691,0.08458206,-0.37496546,-0.10784529,0.030684356,0.20324282,0.27148494,-0.1472587,-0.21099207,-0.089641385,-0.31067854,0.045244373,0.07560928,0.3312855,0.019489726,-0.32832956,-0.21425255,-0.2416627,-0.20591854,0.2371796,0.16514273,0.43833727,-0.040874112,-0.55614555,-0.136343,-0.44638363,0.15971364,0.41129988,0.27104586,0.014814445,-0.3591512,-0.09802746,0.16725291
0.7734,0.017009165,0.36273775,0.04479385,-0.09257672,-0.39093828,-0.1917886,0.44269872,0.11646177,0.29397422,0.19813664,-0.2845224,-0.16152401,-0.16130109,0.10964528,0.31261706,-0.036767587,0.41198716,0.030888123,-0.36059648,-0.13162385,-0.011703478,0.33165973,0.14111845,-0.16443227,0.21772474,-0.29903033,-0.2642814,0.09067587,0.029237926,0.36586744,-0.07095466,-0.35385105,-0.11999109,-0.54192424,0.0846593,0.25585166,0.21077457,0.23637767,-0.38827154,-0.11122454,-0.25871223,-0.23639792,0.30242097,0.18743676,0.4303688,-0.071887136,-0.52446586,-0.028510049,-0.43637413,0.19393694,0.38183862,0.03945685,0.06323252,-0.46243176,-0.0043834834,0.37791687
0.7773,0.029683277,0.4721217,-0.03633003,-0.068782344,-0.22528435,-0.10463391,0.3683216,0.09517119,0.26787853,0.19265856,-0.29227453,-0.07485351,-0.19024557,0.076593205,0.28087997,-0.014963315,0.20464271,-0.029026715,-0.41034442,0.028577615,0.25477853,0.3555098,0.13866584,-0.29731494,0.16938867,-0.30054826,-0.2818011,0.105052486,0.16963488,0.21191153,-0.22144575,-0.37754917,-0.03571968,-0.3095827,0.17882003,0.4657795,0.20309179,0.11896186,-0.5363968,-0.08977357,-0.24331875,-0.21982221,0.45221826,0.22272165,0.18755013,-0.112416275,-0.26564726,0.29167613,-0.31031838,0.12182709,0.5591014,0.029030608,-0.05058303,-0.4554184,-0.04297515,0.5223038
0.7812,0.09886817,0.5273838,-0.065585874,-0.26524115,-0.1559355,0.011745919,0.32485673,0.014072988,0.37232652,0.103556775,-0.2433591,-0.17622808,0.0021170946,0.17140996,0.34475625,-0.18434167,0.28432998,-0.032377005,-0.4159256,0.031004107,0.15369311,0.29638717,0.1417256,-0.4533901,0.12934987,-0.041481595,-0.36777183,0.19138475,0.19840875,0.22692776,-0.17650156,-0.4333545,-0.20374921,-0.40911576,-0.008089766,0.48028624,0.07400548,-0.04027635,-0.35989657,0.19527604,-0.12999906,-0.26118806,0.33211648,0.059714247,0.10410527,-0.11209254,-0.42946893,0.23098364,-0.28334144,0.11793869,0.34175223,-0.07462679,-0.051361494,-0.40407345,0.02352531,0.40135485
0.7852,0.21698317,0.23467934,-0.052697755,-0.40091172,0.087396234,0.26044804,0.4402763,0.12508301,0.24890153,0.21629483,-0.31872135,-0.284502,0.10734538,0.05908237,0.29066914,-0.2669928,0.2763143,-0.074346624,-0.4268794,0.1612709,0.3363178,0.07183097,0.030787729,-0.3010652,-0.015768073,-0.34740743,-0.3920784,0.348759,0.1304387,0.044609115,-0.18395662,-0.3305862,0.027666405,-0.33748302,0.062519945,0.36878124,-0.004501468,-0.11919416,-0.40109524,0.04474309,-0.20646545,-0.2847049,0.44957957,0.19824734,0.0011100682,-0.21864754,-0.2027736,0.3095257,-0.26475146,0.26650605,0.5095193,-0.22695293,-0.26312837,-0.26817662,-0.046377193,0.36005887
0.7891,0.16107585,0.19523115,-0.027708312,-0.45862356,0.10233724,0.14404441,0.23968667,-0.0017160969,0.11256425,0.09747612,-0.27147964,-0.1930528,0.37439537,0.07061673,0.24436074,-0.30448687,0.0547664,-0.00569058,-0.44231105,0.123753585,0.4173891,0.10734048,0.07253133,-0.47595614,-0.06446234,-0.22846101,-0.26166525,0.36529508,0.120894164,-0.012180696,-0.17605881,-0.22217734,-0.19997276,-0.26792502,0.11574958,0.3764858,0.015356207,0.011806272,-0.108141676,0.07340802,-0.08156534,-0.2654722,0.39449018,0.25048125,-0.31080872,-0.20893615,-0.19632554,0.22896865,-0.07515645,0.18785377,0.4125891,-0.15689555,-0.24154422,-0.039173845,-0.04022214,0.4353669
0.793,0.2487387,0.20463416,-0.0016240922,-0.4678779,0.030129202,0.28764066,0.17225172,-0.12989485,0.23362242,-0.01465535,-0.3224379,-0.34760326,0.30412826,0.09180038,0.06996653,-0.29499447,0.018907001,-0.07278836,-0.41888556,0.18038054,0.34032685,-0.09895521,-0.019583218,-0.3441071,-0.16220294,-0.297819,-0.18676834,0.43320268,0.059273705,-0.18721473,-0.22942021,-0.18159597,-0.09502996,-0.2955693,0.20379758,0.43923563,-0.2143732,-0.0925754,-0.25286266,0.087647974,-0.037280653,-0.22488885,0.427006,0.3406263,-0.25414473,-0.11530238,-0.043627538,0.3031584,-0.051400952,0.009632359,0.42448646,-0.11068715,-0.12892626,-0.087886155,0.29245725,0.44764668
0.7969,0.09413771,0.23484662,-0.13372496,-0.4378534,0.21669455,0.387939,-0.0025754364,-0.052892,0.081760556,0.03743386,-0.21128425,-0.288934,0.4598786,-0.002162568,-0.07184259,-0.31519255,-0.0720012,-0.12915988,-0.34512237,0.029633163,0.3441687,-0.110373974,-0.16839683,-0.15662993,-0.061297454,-0.19313496,-0.141182,0.44085518,0.053086575,-0.36992282,-0.04435935,-0.20114008,-0.22414856,-0.22058858,0.24666338,0.40001974,-0.19788806,-0.26317027,0.100755446,0.2773234,-0.18520321,0.101781234,0.2927782,0.21371181,-0.4347659,-0.07354827,0.09465909,0.32033154,0.083423145,0.07357278,0.14604717,-0.13740763,-0.3692223,0.19370587,0.15061688,0.18062238
0.8008,0.29078802,-0.048337664,-0.15757942,-0.39453623,0.12216238,0.34278432,-0.17981,-0.18846177,0.2328772,-0.03820887,-0.19226865,-0.15114474,0.376497,0.104171,-0.22237016,-0.19140895,-0.09679364,-0.0915692,-0.04148373,-0.06784446,0.4519828,-0.24277605,-0.21574357,0.020204354,-0.20504864,-0.16555303,-0.1370385,0.4482193,0.25738066,-0.43121952,-0.05138826,0.10980896,-0.2681804,-0.13780545,0.08903816,0.46275613,-0.14786652,-0.28150854,0.23160408,0.027094413,-0.1724717,-0.12011045,0.22834104,0.1063742,-0.2672596,-0.06311906,0.33407643,0.1745814,0.006170249,0.16368963,0.2386475,-0.21073133,-0.34970877,0.19333568,0.18830137,0.13923302
0.8047,0.27453583,-0.0025941827,-0.027964331,-0.21500638,0.13348451,0.5127055,-0.2471083,-0.26520514,0.08867605,-0.13824949,-0.11766503,-0.28368345,0.38008457,0.108400695,-0.37342444,0.07612142,0.031592324,-0.20643473,-0.18634744,0.14926434,0.4122317,-0.17467368,-0.43734285,0.21295498,-0.37586084,-0.055117868,-0.025526168,0.23117566,0.24118721,-0.50944114,0.06611139,0.1777546,-0.33428714,0.0046711247,0.07059188,0.37000057,-0.23477873,-0.35418764,0.22418545,0.17402832,-0.1651443,0.21482265,0.251425,0.0059815706,-0.44341496,0.046385784,0.34579068,0.02764313,0.19225897,0.13490988,0.23642036,-0.29660004,-0.4728944,0.30018938,0.19175045,-0.12890153
0.8086,0.28425977,0.059844207,-0.18269645,-0.3092527,0.18821295,0.28574094,-0.22944723,-0.075262755,0.31068954,-0.22594622,-0.08913152,-0.05859525,0.35300404,-0.013832618,-0.48193532,0.06013866,-0.1858845,-0.31245565,-0.06769143,0.15574324,0.21392961,-0.3631368,-0.24903959,0.2969887,-0.39256325,-0.13527519,-0.08369861,0.26740608,0.06749014,-0.5441989,0.0236875,0.172942,-0.34865704,0.14350767,0.0058886725,0.11351697,-0.28964618,-0.28345576,0.320586,0.11735225,-0.24252652,0.14201082,0.16718031,0.17869969,-0.30859807,0.14806037,0.39182025,-0.20695764,0.17034054,0.18510401,0.09248023,-0.13193093,-0.36829653,0.33900213,0.14043559,-0.196855
0.8125,0.34020457,-0.2448343,-0.30576265,0.0015542852,0.11609009,0.29231548,-0.3529094,-0.16435708,0.23696536,-0.48068744,-0.05827006,-0.057696555,0.39852276,-0.035870112,-0.42043418,0.24030289,-0.18392538,-0.26401976,0.3157074,0.17761923,0.16653962,-0.331041,-0.30443275,0.45541927,-0.4204066,-0.10322946,0.17270303,0.14976647,0.04011826,-0.3189412,0.17447282,0.35129064,-0.37429148,0.09436726,0.27055004,0.18844256,-0.37798584,-0.30497444,0.3332407,0.007319982,-0.17899159,0.36526668,0.029317955,0.019107439,-0.30377555,0.2153072,0.48548412,-0.22946897,0.2173864,0.28867006,0.10411972,-0.13796465,-0.19910656,0.33124688,0.16884565,-0.3945099
0.8164,0.4021555,-0.24885514,-0.21637242,0.02488851,0.21557486,0.14328039,-0.542615,-0.11087949,0.21661188,-0.47434866,-0.070963725,0.105702974,0.071618795,0.00035537186,-0.42272043,0.09971291,0.013936272,-0.36365375,0.17830567,0.13697974,-0.022667754,-0.2838182,-0.14350446,0.38758612,-0.4047303,-0.11246521,0.23259984,0.09409883,-0.11802822,-0.33665684,0.33025545,0.19739583,-0.35436565,0.20826875,0.2266092,0.046121687,-0.39426234,-0.19609854,0.33832872,0.021075463,-0.058706373,0.1740766,0.15228729,-0.12764145,-0.018837726,0.2687776,0.3283233,-0.28472373,0.18000099,0.4559642,0.014712012,-0.09330657,-0.1652964,0.29139873,0.16409743,-0.38071054
0.8203,0.5064692,-0.20399773,-0.26211092,0.18734926,0.09686343,0.098688066,-0.4101256,-0.02309481,0.28572297,-0.22808696,-0.009067185,0.096561976,0.014365494,-0.13667008,-0.17368773,0.40018654,-0.047365468,-0.35962734,0.09926018,0.3331478,0.11856875,-0.35343885,-0.08816675,0.5083321,-0.2623664,-0.17987034,0.4441288,0.09509215,-0.070578985,-0.35221827,0.35932928,0.353374,-0.33436444,-0.011265513,0.5491405,-0.035612375,-0.030774204,0.03043493,0.3639319,0.064015076,-0.2465901,0.3713257,0.078388505,-0.34102342,-0.1097898,0.08757431,0.40748507,-0.42512426,0.07110687,0.50278145,-0.23171018,-0.16360039,0.014096992,0.2188894,0.082359165,-0.42245263
0.8242,0.33742183,-0.21941243,-0.45010754,0.16022459,0.12452209,0.0585661,-0.20166963,0.11650667,0.30833736,-0.42937496,0.084800534,0.28348902,-0.13599025,-0.18928052,-0.06258679,0.38140285,0.08047694,-0.450452,0.2977204,0.23352404,-0.043803737,-0.22922376,0.025099147,0.45048937,-0.26682785,-0.12055262,0.36089617,0.041174218,-0.06530041,-0.096021034,0.23864837,0.21206205,-0.40100068,0.12499174,0.3160675,-0.11629529,-0.11754008,-0.013733912,0.28281087,-0.07648963,-0.07800683,0.53169435,0.0011985537,-0.37674272,0.11934822,0.10646967,0.3156098,-0.313641,0.03605071,0.36987692,-0.17349571,-0.25605974,0.11547397,0.13185781,-0.04212797,-0.3560461
0.8281,0.4265791,-0.11822054,-0.34221748,0.4036002,0.14209267,0.01787631,-0.2597247,0.084744,0.21179904,-0.2590629,-0.015658353,0.31736168,-0.16869572,-0.08856386,0.042304307,0.35151878,-0.09721212,-0.5064711,0.1750219,0.33635613,-0.13296092,-0.1622841,0.15527152,0.38837308,-0.039791357,-0.09810367,0.33836654,0.023409506,-0.38603854,0.15411505,0.24001709,-0.035054576,-0.26369795,0.22002552,0.5476098,-0.13545646,-0.133765,0.019036846,0.049484845,-0.050591007,-0.21462175,0.49215865,-0.03586242,-0.33058345,0.16214629,0.16245604,0.21259366,-0.26359233,0.1617347,0.43692815,-0.37476823,-0.076905094,0.0978236,0.1893209,-0.047608465,-0.21477069
0.832,0.3638621,-0.15315546,-0.30945942,0.42725077,0.16532284,-0.100950375,-0.26268145,0.034284532,0.2297196,-0.3012768,0.009838493,0.4704764,-0.23204018,-0.1543319,0.18032634,0.35247687,-0.042771634,-0.26278642,0.3015969,0.36507088,-0.3370504,-0.08873634,0.12344099,0.005945022,-0.066526204,-0.06124838,0.4352512,-0.08539243,-0.2967175,0.14358649,0.1601422,0.055685315,-0.33469573,0.09742796,0.43070468,-0.23173712,-0.011514423,0.095296,0.21543732,0.00022590405,-0.022104684,0.41126677,0.024814568,-0.39709628,0.2019493,0.1638981,0.019440828,-0.29573655,0.0012716503,0.34695163,-0.34831995,-0.10509776,0.37370226,0.010355,-0.17058091,-0.28975743
0.8359,0.34081692,-0.29290876,-0.3197471,0.40721124,0.29311422,-0.09763368,0.14370891,0.18921022,0.066888936,-0.19189075,0.089928634,0.39684352,-0.35749418,-0.20593801,0.2799341,0.21415177,-0.097510666,-0.2324261,0.19580726,0.43512574,-0.3693438,0.012030858,0.36081636,-0.09733226,-0.04874141,-0.02022031,0.42360264,-0.14796175,-0.3283274,0.39598578,0.11254192,-0.080418944,-0.1978118,0.03295943,0.24690908,-0.4263368,-0.058195755,0.29378062,-0.10157513,-0.16958137,-0.22282493,0.27133083,0.046790864,-0.5834497,0.21743932,0.09860502,-0.11785667,-0.09549512,0.094134465,0.19114308,-0.34035483,0.012935471,0.2841382,-0.072588556,-0.245321,-0.30017048
0.8398,0.39646465,-0.10921451,-0.2605109,0.19881815,0.23873298,-0.24946922,0.18316977,0.11638583,0.07047485,-0.20753829,0.12286159,0.34803846,-0.33438674,-0.19365099,0.28615743,-0.0257091,-0.04209944,-0.21872242,0.15273272,0.2337896,-0.38242573,0.21906708,0.25409505,-0.1228161,-0.10911391,-0.07171868,0.46824846,-0.16957794,-0.33634272,0.26324606,-0.03556399,-0.17193119,-0.17651296,0.044342723,0.25911978,-0.421592,0.034294177,0.2912453,-0.18752982,-0.3292686,-0.16508529,0.2828209,-0.12552136,-0.3689136,0.154928,0.021608206,-0.25649652,-0.032630235,0.045340754,0.14887135,-0.473365,-0.07481956,0.371411,-0.16761974,-0.2862552,-0.045511145
0.8438,0.30989334,-0.18182537,-0.35127217,0.33431906,0.27327943,-0.29726937,0.24525675,0.2783891,-0.029627338,-0.10136522,0.04197215,0.3733919,-0.44979563,-0.39978138,0.4067675,0.0671583,-0.20130926,-0.23627515,0.283973,0.12660351,-0.43582228,0.16964635,0.16236188,-0.51276,-0.22769408,-0.060437474,0.4039963,-0.2832049,-0.22562546,0.3693487,-0.04507474,-0.2441551,-0.1791533,-0.117610194,0.19431691,-0.47760516,0.02832031,0.4014819,-0.32265198,-0.29844078,-0.1962802,0.43843737,0.011994466,-0.4787729,-0.00063397875,-0.021072121,-0.33792958,0.1911553,-0.011079913,-0.021222942,-0.35637882,-0.0632241,0.46420145,-0.18807238,-0.3780654,0.10732991
0.8477,0.31263238,-0.038601507,-0.14036474,0.25284868,0.24042748,-0.077604674,0.31784827,0.10267155,-0.14516896,-0.1400795,0.107670955,0.25408065,-0.37183568,-0.1118196,0.41710564,-0.12255675,-0.04310025,-0.14335477,0.1929546,-0.045279898,-0.3922801,0.31790203,0.2163176,-0.36333954,-0.2047179,-0.15249637,0.25458091,-0.050352316,-0.13450564,0.37888032,-0.093302235,-0.22911753,-0.058927443,0.06754373,0.003955144,-0.57519245,0.024652274,0.26236138,-0.34383318,-0.24170282,-0.14455007,0.25122425,0.012567123,-0.17504133,0.2553228,-0.026190815,-0.40417212,0.37519166,0.10433851,0.07411878,-0.44181666,-0.0075305323,0.54748374,-0.2261319,-0.35803568,0.19769503
0.8516,0.1403808,-0.18370225,-0.093472674,0.05122577,-0.10504698,-0.23698692,0.48936313,-0.11237481,-0.23491779,-0.21097447,0.11397092,0.3265565,-0.1825529,-0.11946775,0.36188903,-0.2910161,-0.106450535,0.07117089,0.2239186,0.06002173,-0.3490355,0.33721557,0.20164405,-0.35289076,-0.33552054,0.041148003,0.15734825,-0.17160657,-0.21236855,0.27939117,-0.29753405,-0.25631946,0.020208314,0.27195817,-0.028206771,-0.44038677,-0.0043158103,0.4012411,-0.36030996,-0.2003209,0.050577853,0.2098814,-0.24444346,-0.15520233,0.12146041,-0.22390264,-0.33255726,0.23147275,0.3000804,0.03773239,-0.42084536,-0.057912596,0.30347782,-0.12604079,-0.16679528,0.24050532
0.8555,0.038689885,-0.1944213,-0.0054861596,0.12463608,-0.13416576,-0.28655478,0.39102942,0.027451176,-0.22989811,-0.29526383,-0.038370192,0.26267615,-0.20400594,0.014067185,0.2752143,-0.4404585,-0.17945412,0.024673546,0.19788715,-0.14872973,-0.19070914,0.221539,0.22058785,-0.44978225,-0.2406367,-0.021326374,0.2186253,-0.10811309,-0.02902805,0.073719256,-0.32537812,-0.33070758,0.02080772,0.20774943,-0.12491116,-0.2558246,0.04756905,0.20241009,-0.30629984,-0.08666668,0.035992447,0.17338614,-0.09603888,-0.08909931,0.23757976,-0.0023960348,-0.36665323,0.4239978,0.39193678,-0.14810601,-0.2841979,-0.030752903,0.30861634,-0.23401454,-0.23968327,0.39919385
0.8594,0.014679956,-0.12354056,0.19722931,0.11900464,-0.3394137,-0.23390609,0.4997632,0.09206014,-0.2157296,-0.2365039,0.11771587,0.3113831,-0.17160192,0.06991722,0.18103626,-0.54135346,-0.25430292,0.0769809,0.15749206,-0.25562352,-0.3089325,0.35168818,0.031976495,-0.3591113,-0.36806506,0.1227965,0.21420199,-0.09768123,0.054304205,0.035593513,-0.38881198,-0.04403534,0.07873506,0.27700904,-0.20965913,-0.465334,0.24905497,0.18991897,-0.24840002,0.023164717,0.13315003,-0.0059456076,-0.11031437,0.1357485,0.17880316,-0.21794008,-0.27298433,0.4720628,0.4274464,-0.17714816,-0.34852675,0.045948714,0.20474668,-0.33292046,-0.17121238,0.29661903
0.8633,-0.0058698906,-0.13057661,0.3363814,0.11075019,-0.4061416,-0.18953334,0.39623055,0.017373674,-0.09592055,-0.37641507,0.1288986,-0.021927921,-0.20723861,0.15266432,-0.07274352,-0.43295825,-0.3440885,0.3229712,0.26806512,-0.13729939,-0.15185161,0.16829033,-0.0051909196,-0.28509057,-0.38727552,0.20621333,0.025761764,-0.24913977,0.12755685,0.13118473,-0.31459734,-0.090415776,0.12107654,0.1901042,-0.29207462,-0.26508757,0.09545813,0.045805674,-0.10569005,0.23719028,0.016326848,0.068090744,-0.1755346,0.1922223,0.2538611,-0.16555469,-0.19574064,0.2631056,0.52051,-0.03796281,-0.29231766,0.023894047,0.12339039,-0.14368823,0.16040169,0.24336277
0.8672,-0.060518194,-0.18198547,0.43903738,0.070709184,-0.46231654,0.021273067,0.28117195,0.0030790519,-0.15622753,-0.2603741,0.1354911,-0.10003091,-0.19345628,0.23019652,-0.19165196,-0.30082116,-0.27265,0.21922123,0.34280705,-0.3912869,-0.21171361,0.26142913,-0.08490471,-0.0955822,-0.3749253,0.1376041,-0.006993195,-0.23584773,0.3087221,-0.06640115,-0.42575487,-0.054231286,0.04872938,0.28003624,-0.3841544,-0.18111259,0.19956578,0.07528628,-0.05608522,0.20944828,0.22428975,-0.03946654,-0.21546356,0.34862825,0.23828448,-0.2935483,-0.21755064,0.21270712,0.47742873,-0.0010555232,-0.081922695,0.11773099,0.039479386,-0.15181991,0.21163826,0.1304322
0.8711,-0.19742893,-0.37111697,0.46220893,0.07482977,-0.52134687,-0.0053568776,0.1550929,-0.22613105,-0.11938863,-0.07344056,0.26075286,-0.22456773,-0.113729395,0.36185893,-0.123589724,-0.3352871,-0.4597529,0.37700695,0.28259316,-0.5176781,-0.18008684,0.09980649,-0.19126242,0.060289957,-0.20173669,0.12094777,-0.07228253,-0.06289819,0.4269485,0.032399986,-0.37410975,-0.016120708,-0.18632929,0.50634277,-0.2815723,-0.06050758,0.21529078,-0.16350827,0.073096745,0.20418875,0.16127896,-0.021234222,-0.350711,0.31204844,0.0018980798,-0.1923227,-0.11380328,0.099618666,0.37777555,-0.14926518,-0.08330127,0.3224495,-0.19721873,-0.1577419,0.28869012,-0.022129025
0.875,-0.14321367,-0.2314634,0.3910682,0.16070803,-0.50221986,0.09784565,-0.0021511014,-0.076629035,0.07484515,-0.11616325,0.07029618,-0.25743023,0.011852738,0.36517143,-0.2298946,-0.34758452,-0.36908406,0.14367743,0.4110109,-0.40134126,0.017375883,0.051804554,-0.16745184,0.18475892,-0.36452436,0.24220471,-0.19694294,-0.16761202,0.4467539,-0.095506415,-0.3140067,0.17998727,0.13900387,0.45141086,-0.22676653,-0.05575334,0.124194376,-0.13964523,0.103216134,0.42222327,0.1891641,-0.11107857,-0.44260854,0.34385967,0.22659135,-0.19340384,0.057998605,0.0028664565,0.44474074,-0.060053993,-0.13213259,0.29454198,-0.19319937,-0.027859306,0.50057036,0.047920436
0.8789,-0.15779261,-0.3710517,0.43664023,0.13472144,-0.37062657,0.14007413,-0.045576975,-0.1752189,-0.08912264,-0.083114006,0.10581536,-0.32145858,0.11563471,0.47048587,-0.33284763,-0.09695738,-0.27529222,0.27730766,0.3205217,-0.39666376,0.019608546,-0.13570268,-0.22890359,0.28612927,-0.03146956,0.31291544,-0.33216873,-0.23761158,0.37884763,-0.068043865,-0.23059787,0.05728045,-0.030171636,0.2684157,-0.34090918,0.006950014,0.07642162,-0.3285242,0.1871983,0.42972547,0.35676792,-0.19989981,-0.5207088,0.31136298,0.12594552,-0.08445215,0.11498793,-0.14716999,0.35883665,-0.055829696,0.106483944,0.27300283,-0.24803719,-0.28121588,0.43182707,-0.037859533
0.8828,-0.0020046874,-0.2887156,0.4546578,-0.18996641,-0.35009956,0.24224669,-0.31260172,-0.06413499,-0.07650212,-0.044107016,-0.023647547,-0.4108596,0.14558333,0.26170108,-0.29107878,0.021122424,-0.3285165,0.37386975,0.22821067,-0.2721502,0.22781974,-0.115184404,-0.2105469,0.3797834,-0.09595991,0.30165827,-0.2940828,-0.19844933,0.38444674,-0.1971421,0.015409041,0.17214793,-0.08464662,0.25447664,-0.15503173,0.101860166,0.08213257,-0.31606668,0.19473745,0.3024394,0.39742187,-0.11938133,-0.30351406,0.32815057,0.18386109,-0.09734578,0.1864333,-0.25462228,0.23825014,-0.13600564,0.07173468,0.39087248,-0.26351133,0.06698533,0.29807642,-0.19845349
0.8867,-0.057465043,-0.414373,0.37223995,-0.030682378,-0.06993714,0.14947139,-0.4697674,-0.1255286,-0.06381586,-0.076975964,0.13823691,-0.358685,0.1455243,0.2743637,-0.24184306,0.22256441,-0.54634845,0.19639128,0.16220008,-0.18683715,0.24187672,-0.12968874,-0.313305,0.38361508,-0.112749256,0.31459936,-0.23868458,-0.08925522,0.32286012,-0.1576628,0.091548406,0.100491084,-0.11146897,0.21708862,-0.15825216,0.3860515,0.012611539,-0.4528883,0.30617398,0.17128259,0.4160368,-0.038185943,-0.30874985,0.39472687,0.06002846,0.109363824,0.43294266,-0.2674188,0.25038344,-0.10020924,0.04939052,0.22533879,-0.37689108,0.060069077,0.43612117,-0.16039664
0.8906,-0.26213416,-0.26156458,0.32268354,-0.06671435,-0.06730082,0.13945837,-0.3693821,-0.023484679,-0.2163241,0.06883419,0.14304051,-0.4942952,0.05786052,0.36711013,-0.16523717,0.31530774,-0.45167753,0.15096611,0.06433765,-0.12250332,0.20952722,-0.31783292,-0.15833357,0.49647638,-0.011249752,0.42172638,-0.29330927,-0.067006096,0.20291261,-0.20349073,0.22529052,0.06511899,-0.042354163,0.036883608,-0.25128284,0.2791227,0.10496031,-0.38549617,0.24944419,0.10750997,0.4867046,-0.05193225,-0.22612895,0.180059,-0.039199755,-0.040065616,0.21329509,-0.522808,0.1613986,-0.25127482,0.009848614,0.47239825,-0.3875652,-0.02548022,0.030314395,-0.17700784
0.8945,-0.2135066,-0.32801554,0.313909,-0.24705544,0.33913445,0.22571965,-0.39573961,0.025729282,-0.21632738,0.34502858,0.12819587,-0.3561586,0.12654145,0.039913837,-0.059371755,0.12566577,-0.34327462,0.06568897,-0.14213173,-0.12172235,0.5206425,-0.33975655,-0.28389892,0.23116781,-0.05356872,0.42859122,-0.2657258,-0.19736071,0.18035159,-0.15269823,0.4188089,-0.033441186,-0.033254124,-0.11711334,-0.20062494,0.3643702,0.12597631,-0.25598687,0.18744893,-0.09996719,0.50763816,-0.07380709,-0.2988,0.21624453,-0.21332577,0.21906671,0.4701516,-0.45737085,0.064849265,-0.31769294,0.29879406,0.23355098,-0.3901184,0.036426403,-0.01383947,-0.19322753
0.8984,-0.2911321,-0.32115513,0.18271853,-0.17883655,0.19902444,0.22593763,-0.3921337,0.18525457,-0.2766331,0.24277969,0.2376361,-0.34741223,0.11045535,-0.07031226,0.16436264,0.43035993,-0.33124372,0.22659913,-0.16101377,0.1419141,0.36106443,-0.27314073,-0.19820231,0.15856983,0.11727868,0.3650644,-0.33278635,0.09963391,0.07258164,-0.19569711,0.49815196,-0.059277274,-0.004495071,-0.06360273,-0.23303232,0.5888198,0.064913094,-0.18283738,0.14423451,-0.37798542,0.54980695,-0.005811034,-0.097346336,0.057715256,-0.3641971,0.22381267,0.2993817,-0.2903837,0.07070421,-0.35952023,0.18907122,0.38427463,-0.3945664,0.16203062,-0.30408135,-0.16113555
0.9023,-0.21261169,-0.11488374,0.06930336,-0.16412663,0.3098024,0.16389781,-0.34137735,0.20362236,-0.2514781,0.27121234,0.20088288,-0.32485422,0.12883838,-0.25521562,0.046767488,0.31121063,-0.37264356,0.09158885,-0.23699039,0.06362864,0.2654431,-0.25963473,-0.08569203,-0.053680316,-0.033025786,0.2539085,-0.28011343,0.12561779,0.0045872405,-0.19474033,0.3156762,-0.07154827,0.054925412,-0.07733744,-0.101337194,0.3838711,-0.23324376,-0.09030268,0.10008349,-0.2942859,0.3363884,-0.09052451,-0.17204747,-0.06453664,-0.4106036,0.19097695,0.28472084,-0.21315445,0.1844433,-0.5220695,0.17225426,0.33377913,-0.21908267,0.21867439,-0.27260095,-0.009150396
0.9062,-0.13105945,-0.08196094,0.036650818,-0.4039039,0.24093992,0.026455812,-0.30381954,0.17087376,-0.37144396,0.3029818,0.117179215,-0.26643473,0.30592403,-0.2826961,0.12637553,0.23607971,-0.1747576,0.15815756,-0.36769074,0.027410766,0.4192394,-0.44311348,0.10714979,-0.1937249,0.02250253,0.38607627,-0.2347378,0.12452899,-0.22746342,-0.27768433,0.4904333,-0.10230173,0.21055202,-0.123199396,-0.25683805,0.45119914,-0.13098821,-0.021339031,0.057257313,-0.3369462,0.51397663,-0.08015406,-0.02182532,0.08487177,-0.5619902,0.44699478,0.18972895,-0.21602589,0.1950045,-0.59638435,0.31548697,-0.0121858725,-0.09349104,0.18025158,-0.42988184,0.012963565
0.9102,-0.05210945,-0.06914009,0.0695836,-0.3453881,0.46303993,0.08101399,-0.1013352,0.035301663,-0.39456525,0.20441154,0.051707424,0.032348584,0.02938584,-0.45096457,-0.019686323,0.2507839,-0.13858162,0.09887942,-0.36972833,0.09728583,0.23975134,-0.053992625,0.28882733,-0.3940051,0.06042982,0.25553417,-0.18811463,0.12984878,-0.27729702,-0.29850838,0.4227044,-0.2075087,0.39191186,-0.12615861,-0.2026901,0.4713406,-0.12168368,0.12511294,-0.0008234413,-0.30551,0.5091572,-0.13765682,0.1525052,0.08659909,-0.47763982,0.45006824,0.07436901,0.040920507,0.13212924,-0.37207747,0.32095063,0.1533539,-0.012778898,0.14264348,-0.35706562,0.05124956
0.9141,-0.18817076,0.16750525,-0.010976974,-0.4630059,0.38583034,-0.08270479,-0.028662559,0.08136025,-0.3507881,0.14818458,0.118137605,-0.11165559,0.14993125,-0.45673576,0.08927395,0.19439833,0.06940587,0.3412563,-0.4226816,0.0749079,0.3010352,-0.094426125,0.22681585,-0.46330556,-0.097053185,0.2787516,-0.05582555,0.374976,-0.16070709,-0.17369583,0.2993228,-0.16029903,0.36800298,-0.31113058,-0.26799124,0.4150891,-0.1075321,0.343975,-0.08464824,-0.4169197,0.2999904,-0.055564746,0.2821955,0.04672802,-0.5038677,0.14277925,0.055552695,0.2350078,0.1550703,-0.46143827,0.18678133,-0.06149602,0.13078687,0.43873596,-0.40166068,0.082250185
0.918,-0.17803909,0.10779654,-0.006485427,-0.43816924,0.270959,-0.11841099,0.07614883,0.002791096,-0.37103963,0.19220218,-0.0043448145,0.07120241,0.25971678,-0.3803115,0.22935024,-0.071534745,-0.035296377,0.34616584,-0.36468676,0.07124661,0.07600076,-0.0008952099,0.28251812,-0.46818873,-0.06680192,0.21352908,-0.28198513,0.39470983,-0.30501804,-0.19295318,0.25720078,-0.06675803,0.4494101,-0.17649542,-0.3467758,0.17049067,-0.28747392,0.45767996,-0.0238005,-0.23832275,0.15671542,-0.13855132,0.43130824,-0.06009553,-0.42024657,0.2748966,-0.23855774,0.25249428,0.07366475,-0.18163787,0.29341796,-0.16912977,0.053981174,0.34287307,-0.23132193,0.16538908
0.9219,-0.29109284,0.22136533,0.008102637,-0.23775908,0.08633818,-0.1933682,0.21670839,0.06993342,-0.42574596,0.09601488,-0.1127515,0.08583781,0.052868582,-0.45180508,0.17530178,-0.004804727,0.120342985,0.288741,-0.3428677,0.13058752,-0.0056815776,0.02022465,0.3158361,-0.34583426,-0.117361814,-0.007966722,-0.071436726,0.29265642,-0.2808639,0.062897176,-0.018638795,-0.21542183,0.3821879,-0.17770521,-0.07335051,0.13593678,-0.29860052,0.37762618,-0.04881589,-0.08922719,0.12967524,-0.24091107,0.33924618,0.06675958,-0.18918008,0.2564977,-0.24000715,0.27039728,0.32967508,-0.10998221,0.3537607,-0.17106399,0.20820335,0.24547425,-0.25956696,0.24419418
0.9258,-0.14946279,0.30888855,-0.07301366,-0.3187795,0.14463836,-0.055685274,0.49624944,0.038141813,-0.41802102,0.093705274,-0.23146892,0.357921,0.09865214,-0.25533512,-0.17764325,-0.093996584,-0.024220299,0.22699115,-0.32694247,0.13675284,-0.037460927,-0.027496047,0.35407764,-0.21412899,0.0052473717,0.06576966,-0.053737465,0.4025581,-0.26737604,0.08771101,0.0891892,-0.031680536,0.44603282,-0.13957024,-0.06867862,0.12293765,-0.072882354,0.3928639,0.0018233872,0.06524392,0.14987779,-0.35247153,0.32057223,0.04489962,-0.024659598,0.16118768,-0.33913618,0.45931584,0.28032058,-0.20461221,0.2724993,-0.3620277,0.40923727,0.18127526,-0.22145882,0.16000146
0.9297,-0.23037562,0.2999059,0.012294298,-0.14690155,-0.0028228203,-0.12158348,0.2862395,-0.019496363,-0.21822317,0.100347,-0.188095,0.35663316,0.07960436,-0.13748509,0.20669436,-0.21552959,0.019663956,0.4370672,-0.3738454,0.23942484,-0.11324695,0.23305377,0.2211607,-0.32700935,0.30269098,0.021495696,-0.1310532,0.64433396,-0.12819453,0.18889362,-0.11103385,-0.034471616,0.47792146,-0.13108958,0.070284545,0.15197298,-0.20802207,0.3662226,-0.190046,0.22833452,0.28835186,-0.19920468,0.32102415,-0.07531346,0.06821898,0.1541606,-0.42115352,0.52237034,0.23880954,0.09440144,0.23142871,-0.31177276,0.3504636,0.12486045,0.04553122,0.06901766
0.9336,-0.20960398,0.4243305,-0.01680984,-0.20782341,0.15824541,-0.123688795,0.48561007,-0.19095261,-0.16996264,0.22935317,-0.14928508,0.28637713,0.062241413,0.012537492,0.30010694,-0.31955191,0.16469109,0.28486577,-0.06294457,0.31457528,-0.18506274,0.19547805,0.13467163,-0.10960872,0.2545583,-0.045944065,0.036164917,0.37229216,-0.07942228,0.35186455,-0.32994804,0.02468692,0.38396427,-0.16011934,0.12768373,-0.14196268,-0.2642681,0.44203117,-0.09989248,0.35307658,0.09502192,-0.37514868,0.32042903,-0.15935776,0.15424563,0.045418046,-0.33295387,0.27766606,-0.03150081,0.058007196,0.13637611,-0.4653786,0.31797498,0.027322518,0.123093866,0.03159583
0.9375,-0.25969845,0.37463745,-0.1440667,0.19312817,0.09058815,-0.060087882,0.31094384,-0.35763082,-0.27106842,0.21883151,-0.08228325,0.40199935,-0.09311511,0.079006664,-0.00224517,-0.32875076,0.19454525,0.19993928,-0.13697442,0.3341393,-0.31984335,0.31449467,-0.028558427,-0.040562216,0.26178712,-0.15849759,-0.05871748,0.24973643,-0.03962936,0.3864776,-0.4003926,0.17884845,0.37048283,-0.34941396,0.30612567,-0.20869817,-0.2132132,0.22154959,-0.29071188,0.44622478,0.00921973,-0.34352463,0.50244147,-0.13950479,0.2137887,-0.12445473,-0.104665734,0.2553611,0.07813843,-0.016280126,0.051483024,-0.40575734,0.27988827,-0.29750097,0.09197545,0.021686906
0.9414,-0.22850971,0.3917042,0.041842382,0.2148322,0.027540205,0.08638065,0.37553495,-0.28232974,-0.10356038,0.2731955,-0.28938067,0.38795105,0.008828683,0.4345542,0.23888546,-0.14682883,0.03507564,0.10126696,-0.07219158,0.35163373,-0.32511294,0.2709393,-0.08244517,0.16106623,0.30745998,-0.38330892,-0.023464836,0.14151286,-0.08320403,0.3013721,-0.54369694,0.15417528,0.4205681,-0.066241086,0.44639257,-0.2175503,-0.07017151,0.23824121,-0.07538905,0.5028249,-0.027591176,-0.19102359,0.34326282,-0.14277555,0.31760007,-0.05668891,-0.19660231,0.21084435,-0.013672419,-0.14363359,0.054546807,-0.31961033,0.18905003,-0.27411896,0.1997316,-0.1319125
0.9453,-0.38252255,0.515427,-0.12916921,0.25633407,-0.1702472,-0.21301791,0.26102027,-0.020796673,-0.011599949,0.37372553,-0.3839068,0.3147017,-0.054538313,0.36892,-0.12285816,-0.27959102,0.096011095,0.11773765,-0.04737152,0.5004987,-0.33862066,0.2958769,-0.061069623,0.35379878,0.39776298,-0.19860019,0.14976805,0.24562015,-0.12110553,0.33081058,-0.46203196,0.11357056,0.38242707,-0.1740461,0.46767646,-0.26676053,-0.12223978,0.088590235,-0.22874022,0.4896737,-0.09981423,-0.31208912,0.31327954,-0.23255706,0.29679587,-0.22518666,0.043319307,-0.0021962535,-0.03940661,0.09616797,0.068272516,-0.36716247,0.04253486,-0.37016806,0.23625462,-0.22396228
0.9492,-0.38974988,0.31014112,-0.25145096,0.38872203,-0.07574393,-0.09361819,0.018826023,-0.117934644,0.07086747,0.34109408,-0.4373336,0.37712565,-0.13630174,0.37876597,0.09712851,-0.012370754,-0.0250678,-0.023994563,-0.031530935,0.33138302,-0.38563573,0.18864422,-0.2385845,0.29382694,0.42812833,-0.3124474,0.09698821,0.06350989,0.110265896,0.42502835,-0.45869675,0.28507918,0.24588466,-0.3649658,0.5124324,-0.31037953,0.0029770012,-0.12523004,-0.16657788,0.23352256,0.048042532,-0.24039786,0.15397209,-0.39383334,0.33453852,-0.36907488,0.13763143,-0.28125888,-0.2091155,0.026065158,-0.07997203,-0.3759323,0.16242895,-0.40664536,0.38681847,-0.24607033
0.9531,-0.1467335,0.16905726,-0.24999878,0.284516,0.021884816,-0.035418335,0.0691971,-0.09251235,0.09567069,0.32547244,-0.3167675,0.30150935,-0.3048433,0.3146231,-0.04775226,-0.025320673,0.049838077,-0.05101531,0.13143681,0.3399302,-0.3934979,0.2611844,-0.37268075,0.33405006,0.37336096,-0.4703324,0.0787204,-0.00702402,0.046296656,0.24445035,-0.46934226,0.20794398,0.093410805,-0.27459344,0.48809916,-0.45490193,-0.03871511,-0.089554735,-0.03222027,0.12697613,-0.034219887,-0.37408406,0.11794433,-0.36422333,0.17784622,-0.4066164,0.2921426,-0.23857403,-0.26660484,0.030861545,-0.061745852,-0.23986481,-0.10094017,-0.35703647,0.2759184,-0.32363847
0.957,-0.425266,0.42287454,-0.2975729,0.4905672,0.017007358,-0.0060774293,-0.12750341,0.1439059,0.043696847,0.3440956,-0.4867341,0.22973268,-0.28703603,0.3601289,-0.30605865,0.052818615,0.11501184,-0.039745953,0.11820717,0.25065073,-0.45037168,0.0419128,-0.2639671,0.4130658,0.40465415,-0.4628465,0.08423339,-0.19762352,-0.037256103,-0.025384663,-0.22792983,-0.07560236,0.110662,-0.39282763,0.14871648,-0.44206858,-0.04449546,-0.41831756,-0.059876256,-0.06176026,0.12678863,-0.20966937,0.12500861,-0.32950103,0.280566,-0.26735628,0.28782186,-0.43402717,-0.25853455,-0.03637493,-0.12741698,-0.29997513,0.016402673,-0.526912,0.13400516,-0.2786377
0.9609,-0.42685878,0.43930593,-0.2666741,0.35779193,-0.050385036,0.017446293,-0.3859131,0.17027025,0.04605776,0.2908898,-0.29520175,0.14519422,-0.39767516,0.42687267,-0.17758141,-0.0117947,0.015337559,-0.21015292,0.040730774,0.057901498,-0.23571527,0.22462836,-0.4029844,0.266376,0.23643747,-0.39654115,0.06965608,-0.20925866,0.121928036,-0.022739284,-0.083490245,-0.12540393,-0.013564723,-0.4242259,0.14695318,-0.37728027,0.24349798,-0.25625494,-0.019842822,-0.23638585,0.018189708,-0.22952597,2.9258526e-05,-0.4748646,0.116965264,-0.3882087,0.3827486,-0.50076324,-0.39573193,-0.10494785,-0.017484743,-0.15890706,0.0041267676,-0.42966688,0.12782696,-0.27262884
0.9648,-0.21461575,0.16173361,-0.3352872,0.32073608,-0.32201967,0.106224634,-0.27297303,0.122378685,-0.021328062,0.1381526,-0.2430899,0.11337254,-0.369492,0.373806,-0.19209948,0.1373179,0.03416914,-0.23062207,-0.005626537,-0.08459574,-0.19934735,0.14577062,-0.21703646,0.07549525,0.17406406,-0.35964152,0.26435536,-0.43125352,0.00019443127,-0.23415545,-0.061294243,-0.058389377,0.076497465,-0.4615132,0.038242664,-0.2713759,0.21226917,-0.39308044,0.054138556,-0.44851032,0.038681775,-0.13344492,-0.006840849,-0.3402944,0.12548551,-0.30216688,0.2691345,-0.5301866,-0.38886756,-0.026737863,-0.042857133,-0.023135213,-0.059478324,-0.27894655,-0.12384594,-0.26333413
0.9688,-0.13283369,-0.007361234,-0.3729557,0.23462054,-0.24864855,0.055036902,-0.3034529,0.12810266,-0.10457177,0.05114159,-0.2261441,0.032971263,-0.17155088,0.26551208,-0.2922203,0.19801536,-0.016482761,-0.37057802,0.0527814,-0.17456648,-0.14325204,0.024882415,-0.14785816,0.031059159,0.21911387,-0.43136865,0.21188726,-0.39294323,0.18067613,-0.37587723,0.039817344,-0.20468597,0.0816953,-0.34821576,0.17208248,-0.33956754,0.19512817,-0.57042044,0.19723149,-0.40883315,-0.034567237,0.0699834,-0.04800757,-0.17166302,0.11514761,-0.21050392,0.27526006,-0.2571192,-0.31669936,0.108686075,-0.11186954,0.17352614,0.11217245,-0.08906167,-0.066518836,-0.008937905
0.9727,-0.42656177,0.065434664,-0.3177169,0.15406634,-0.25128323,0.17456561,-0.3349276,0.15009874,-0.09267155,-0.116952755,-0.2176166,-0.039524555,-0.28727654,0.1169728,-0.28036383,0.02720442,0.04584502,-0.35069588,0.030035546,-0.29074952,0.080609344,-0.068669245,-0.15058354,-0.15499996,0.06702889,-0.30572197,0.13576376,-0.39267814,0.22941037,-0.47492734,0.20826489,-0.13246875,0.047998477,-0.4059633,0.043410722,-0.26450878,0.20768988,-0.25616264,0.117448434,-0.39657554,-0.09119936,-0.01860621,-0.03552649,-0.26939195,0.040883843,-0.07091119,0.26745468,-0.3118764,-0.19855805,0.10154491,-0.015693914,0.24412355,0.06570544,0.102088146,-0.034781832,0.11502781
0.9766,-0.34356728,0.025673818,-0.33474404,0.1757007,-0.48349333,0.14177842,-0.41246656,0.16577367,-0.07475615,-0.21274348,-0.09083345,-0.14344835,-0.3189496,-0.12777202,-0.31778374,0.11622039,0.2625699,-0.22949591,0.045377742,-0.4392386,-0.024390489,-0.22354099,-0.15089545,-0.15779106,0.19714664,-0.46544483,0.12744176,-0.2920326,0.09949487,-0.34516153,0.26800773,-0.23265345,0.10313699,-0.36152577,0.05059879,-0.26961702,0.3695158,-0.23057234,0.21511601,-0.40272567,-0.06986258,0.087685406,0.0011503742,0.027998608,0.058366146,-0.007958238,0.20831187,-0.09597497,-0.19586302,0.18681912,-0.17084037,0.34072688,-0.011489143,0.30028883,-0.08138626,0.18838869
0.9805,-0.25703368,0.00053797674,-0.30983356,0.0765628,-0.35723272,0.1488218,-0.3864933,0.23758142,-0.061328925,-0.15661383,-0.044743713,-0.009603163,-0.12951726,-0.07521535,-0.34754518,0.020523248,0.18060751,-0.39701995,0.13668856,-0.4183705,0.29896325,-0.16469929,0.2553397,-0.21956858,0.15498236,-0.36511797,0.3124157,-0.3289464,0.26351044,-0.54962516,0.25512263,-0.25660142,0.13933268,-0.10953954,0.08021449,0.024907943,0.30117756,-0.23833151,0.20380582,-0.29487038,-0.10576532,0.09803647,-0.06513822,0.183767,-0.1657035,0.013414352,0.16259962,0.0662621,-0.13186337,0.18693143,-0.16068844,0.36787808,-0.17522947,0.2774643,-0.15437964,0.39166692
0.9844,-0.10987276,-0.09127145,-0.25317606,0.053385254,-0.29430595,0.11435833,-0.20358457,0.10213238,-0.16073672,-0.21752258,-0.035547882,-0.24564382,-0.14132552,-0.26356414,-0.042460237,-0.10565168,0.14985211,-0.32132328,0.14275151,-0.35192436,0.25642478,-0.27400786,0.22774918,-0.39435482,0.05419312,-0.39262968,0.2966778,-0.33764517,0.32403174,-0.40360194,0.32185224,-0.32045805,0.15124092,-0.11325675,0.14336617,-0.021687398,0.32333165,-0.16572313,0.28377455,-0.12648845,0.061241295,0.3033695,0.012164717,0.1609251,-0.05598833,0.29855922,0.13721457,0.1766775,-0.17078763,0.38306066,-0.06803117,0.3584759,0.021142036,0.45162034,-0.13188024,0.3343227
0.9883,-0.26183352,0.022497196,-0.16717292,-0.033067882,-0.25692257,0.07707538,-0.06136975,0.06786321,0.010166911,-0.22353628,0.24341437,-0.1540101,-0.018395534,-0.31850964,0.17196311,-0.059547596,0.25337344,-0.43305805,0.2655366,-0.24694149,0.34887424,-0.37666526,0.27008018,-0.2740594,0.24758647,-0.2533091,0.21477167,-0.21092267,0.49342105,-0.23810229,0.34870425,-0.13902351,0.060902238,-0.016096834,0.019748067,0.1288652,0.15754023,-0.093406335,0.25102657,0.10225304,-0.0462284,0.2535388,-0.0021459039,0.25048527,0.048216973,0.26631063,-0.030864,0.30890587,-0.040507376,0.34486258,-0.07536985,0.5524486,-0.094347335,0.4925123,-0.11668253,0.2909868
0.9922,-0.14763275,0.013090291,-0.28414094,-0.015441239,-0.26087278,-0.04444987,0.030823605,0.041596092,0.11812181,-0.21870205,0.15806997,-0.21915312,0.10419882,-0.2035969,0.26441818,-0.3394661,0.20742086,-0.15871625,0.33050823,-0.24730282,0.34291312,-0.12035268,0.43186998,-0.2552855,0.16219209,-0.020792171,0.3622414,-0.26056045,0.25270146,-0.017607905,0.35649455,-0.1779506,0.14093666,0.13265717,0.040420827,0.12737428,0.15393111,0.3170134,-0.009067845,0.11382574,0.036729936,0.4163954,-0.06195128,0.42684826,-0.024942352,0.5127709,-0.17419186,0.40266106,-0.2789608,0.51787084,-0.22338949,0.3862612,-0.22933275,0.48411736,-0.15483682,0.3627008
0.9961,-0.007551996,-0.13789842,-0.0550581,-0.09483642,-0.0141591355,0.09496011,0.013381855,-0.18797734,0.17367657,-0.20306651,0.31696767,-0.06350877,0.2495326,-0.17786777,0.1539313,-0.17458911,0.29585865,-0.2630328,0.41759962,-0.41979465,0.27266392,-0.1033913,0.44130483,-0.13544044,0.3784919,0.070669994,0.3028086,-0.2289445,0.40041772,0.018358001,0.27662358,0.12437031,0.18531166,0.099644125,0.116880454,0.20083353,0.11643567,0.16223246,0.12822033,0.17935883,-0.04905901,0.24374692,-0.14711358,0.3774258,0.03148641,0.42294997,-0.10918524,0.42623574,-0.012380268,0.3804048,-0.16430716,0.4428284,-0.17268486,0.4003199,-0.0993468,0.24612485
1.0,0.0326075,0.0299879,-0.08894063,0.10099073,0.1220777,-0.08913461,0.22882243,-0.085215606,0.2551084,-0.117522776,0.14295873,-0.25671953,0.43458027,-0.13053586,0.27865037,-0.07554516,0.50950134,-0.10601777,0.3632186,-0.11378013,0.38853967,-0.13119993,0.4745502,-0.024445284,0.32379103,-0.019600175,0.33898485,0.080494925,0.24961549,0.013680379,0.20773709,0.169153,0.25082678,0.16174136,0.1619933,0.14030951,-0.027934603,0.2083721,-0.08742063,0.33889106,-0.112607345,0.41973466,-0.12411877,0.22389954,-0.036377076,0.50501096,-0.23821226,0.3496864,-0.036148407,0.368223,-0.2563165,0.352989,-0.11581765,0.29051903,-0.14381853,0.29426488
1.0039,0.0376407,0.13476491,0.17607436,-0.18621846,0.25915304,-0.2798368,0.35549283,-0.1872949,0.37809485,-0.07109507,0.47391522,-0.23274444,0.46247795,-0.13312955,0.3696672,-0.054046243,0.42019007,-0.15937391,0.47369778,-0.15190569,0.40151632,-0.15224639,0.27403858,0.045698665,0.4684334,-0.043870904,0.29151392,0.05150361,0.08202221,0.2692339,-0.019608252,0.17529416,0.07251814,0.24329548,-0.00081934506,0.13650946,-0.07141748,0.3654537,-0.11842383,0.512771,-0.21574824,0.3254768,-0.22423473,0.37094232,-0.2049699,0.4369016,-0.2597834,0.28374785,-0.20931314,0.48390552,-0.22581215,0.33436915,-0.23835342,0.12838362,-0.122085534,0.089766234
1.0078,0.119200304,-0.006116231,0.26108104,0.018103568,0.32357186,-0.23630297,0.26430348,-0.35577235,0.3099239,-0.062081832,0.52792436,-0.23607057,0.48107365,-0.098656505,0.2983448,-0.06930908,0.5817354,-0.08062955,0.33315623,-0.04139975,0.38196644,-0.032072835,0.260032,0.07856286,0.36664394,0.022277353,0.15585507,0.10706694,0.0689328,0.10200331,0.043932192,0.37311354,0.0788331,0.10635858,-0.14984098,0.4215134,-0.18514624,0.232804,-0.29312778,0.25689098,-0.14744765,0.40962112,-0.24019264,0.36598626,-0.30543455,0.43873522,-0.23271132,0.23732686,-0.23213585,0.21752208,-0.20888135,0.16293466,-0.17871107,-0.006344339,-0.00842238,0.08039146
1.0117,0.08470218,-0.049870443,0.41091013,0.008455107,0.38874516,-0.29794082,0.47406888,-0.3065173,0.294506,-0.15014882,0.44346443,-0.123550415,0.34749305,-0.18038787,0.34999844,-0.036045566,0.4263126,-0.06503242,0.3087693,-0.060041524,0.25138178,-0.05443162,0.033461045,0.24624452,0.13683963,0.10241102,0.17802301,0.2207112,-0.035058916,0.24428427,-0.100198224,0.5222417,0.03549153,0.22305259,-0.35338327,0.34712297,-0.18277858,0.26094997,-0.2623468,0.319034,-0.23144288,0.32353032,-0.21602534,0.32088155,-0.40149045,0.30760893,-0.23336682,0.10289415,-0.34462807,0.12697932,-0.18051784,0.19444719,-0.14874746,-0.028244019,-0.031719703,-0.06259717
1.0156,0.22166224,-0.048521243,0.47097272,-0.18749091,0.43004882,-0.15673107,0.6059413,-0.18345413,0.3908569,-0.07366796,0.48928258,-0.2352086,0.34307855,-0.08459671,0.25778732,0.03547445,0.40872362,-0.15015371,0.23617058,-0.071464986,0.020821,0.21581905,0.044247072,0.16068694,-0.022962566,-0.029248942,0.0115039,0.28040797,-0.23311804,0.2578962,0.01148214,0.33861536,-0.12057931,0.124343984,-0.21978314,0.35408428,-0.3721338,0.36017218,-0.13749799,0.25089732,-0.193261,0.24610256,-0.43840745,0.12551907,-0.38118958,0.18668407,-0.08500783,-0.002667029,-0.39238244,0.13598104,-0.19462004,0.12285604,-0.22392216,-0.17991312,0.09997497,-0.33208776
1.0195,0.26267153,-0.013933231,0.4222102,0.0033860425,0.43303517,-0.142572,0.43831992,-0.012774765,0.4509202,-0.21324174,0.47768262,-0.153138,0.32698575,-0.16260117,-0.028964147,0.15628065,0.42295098,-0.044832066,0.09999107,-0.06942353,-0.022440063,0.07517304,-0.13648088,0.14705716,-0.02182682,0.0595566,-0.07200624,0.22087497,-0.24188747,0.13591799,-0.26662245,0.35490963,-0.0968237,0.21803032,-0.42902192,0.22658314,-0.27472594,0.24921854,-0.32229856,-0.13469768,-0.35914844,0.21463987,-0.21304993,0.098152526,-0.35675046,0.14161606,-0.12732224,-0.09579276,-0.43796587,-0.088531986,-0.1858828,0.00052740343,-0.11569537,-0.30496743,-0.0014656445,-0.4236908
1.0234,0.33336166,-0.22116867,0.36987168,-0.13625936,0.30662546,-0.13054688,0.41846547,0.01809834,0.47801402,-0.24354249,0.35865444,-0.2643796,0.15772495,-0.1742669,-0.024443267,0.30220008,0.12552908,-0.19988155,0.1507563,-0.06511549,0.14942376,0.25134325,-0.22987667,-0.004576675,-0.14368379,0.21890593,-0.16974999,0.32189944,-0.28611523,0.22739898,-0.2444143,0.20132592,-0.1653264,0.17405872,-0.5145411,0.2198972,-0.31936505,0.09965483,-0.3307289,-0.04469268,-0.30026525,0.13658664,-0.3938384,0.12683225,-0.31279856,0.13098164,0.035940703,-0.27482098,-0.38743272,0.11768737,-0.26658583,-0.14715953,-0.112817734,-0.2893364,0.017483555,-0.38513854
1.0273,0.29704508,-0.118548535,0.42129102,-0.18574335,0.20291097,0.10382565,0.21018146,0.085215494,0.35651675,-0.32617992,0.40277693,-0.07086817,0.066010654,0.057509694,-0.18749076,0.25832334,0.28305927,-0.101618975,-0.1040003,0.04835159,-0.18381175,0.18244293,-0.3527407,0.19076361,0.016262637,0.03708344,-0.13210559,0.20675619,-0.4032976,0.10962253,-0.059450623,0.1298814,-0.21403825,0.15621644,-0.57636344,0.32239258,-0.36080137,0.037998714,-0.24124525,-0.128983,-0.25860107,0.22265944,-0.34723225,-0.0020964437,-0.2436481,-0.18798435,0.03146274,-0.4471605,-0.30860105,0.10063455,-0.1270599,-0.2639624,0.09945988,-0.3822888,0.21153115,-0.36923754
1.0312,0.38607955,-0.20602524,0.30368537,-0.2968461,0.1337135,0.048974317,0.061206818,0.27106002,0.13143472,-0.36868143,0.24167475,-0.11174992,-0.004340041,-0.025914129,-0.39177638,0.3992805,0.19998261,-0.2016455,-0.1797722,-0.023242965,-0.08613072,0.13512741,-0.41604963,0.07357033,-0.16387527,0.060374726,-0.31682736,0.1825031,-0.48806417,0.17834824,-0.23310274,-0.11793255,-0.32997006,0.013520216,-0.53738594,0.31859517,-0.29142264,-0.08637893,-0.23132944,-0.2617654,-0.38862556,0.046134196,-0.40032408,-0.14746866,-0.024075566,-0.20925413,0.07277185,-0.58850265,-0.2625846,0.08475522,-0.076707825,-0.07560388,0.042549238,-0.42624897,0.274293,-0.5652093
1.0352,0.42833808,-0.087635845,0.28765646,-0.34020403,-0.120661385,0.11874266,-0.04016647,0.067330286,0.17382842,-0.4557508,0.18547341,-0.16944863,-0.18392685,0.12883514,-0.4341671,0.4872204,0.24928351,-0.14890492,-0.1110515,0.11302205,-0.34292626,0.2375296,-0.47614974,0.09092444,-0.10660622,0.11691022,-0.25881332,0.17073765,-0.44436258,-0.027387824,-0.20569566,-0.13675725,-0.21557778,0.1528094,-0.44949847,0.080042355,-0.30926684,-0.13782571,0.10971204,-0.32021317,-0.36810634,0.07715222,-0.20082627,0.039883472,0.20721854,-0.35164374,0.14444172,-0.4690756,-0.07157918,-0.18167724,-0.020316124,-0.39881802,0.20912267,-0.33476806,0.44110075,-0.32256663
1.0391,0.35625714,-0.2889997,0.29839742,-0.34210184,-0.028566564,0.047666784,-0.25804588,0.17748848,0.17359939,-0.32902965,0.23573567,0.04285206,-0.24721141,0.18380399,-0.5818536,0.2681236,0.14651868,-0.19869487,-0.3021002,0.17589436,-0.34990904,0.15531291,-0.32198697,-0.1644642,-0.185331,0.13637011,-0.2771435,0.053178206,-0.37989643,0.1241235,-0.21065997,-0.25327247,-0.44709995,0.11377891,-0.31825113,0.11187483,-0.26822606,-0.25423568,0.15236825,-0.3084962,-0.39132532,0.10389701,-0.21846595,-0.07762049,0.28145286,-0.3706616,0.073323146,-0.44811285,-0.1301153,0.073315956,-0.07320515,-0.27580383,0.15309672,-0.18425949,0.24861437,-0.40437752
1.043,0.35509205,-0.19702433,0.11771512,-0.272291,-0.12855534,0.08769558,-0.37759736,0.19615255,0.14910333,-0.116592444,0.1390963,-0.113473214,-0.22860779,0.09440696,-0.41840175,0.08266958,-0.068722844,-0.13275348,-0.30158326,0.2423322,-0.3325358,0.19042404,-0.19893321,-0.13701881,-0.14630076,0.06871956,-0.49577773,0.22268736,-0.27552608,0.055509057,0.051288545,-0.21502918,-0.23089541,0.25018942,-0.3010654,0.01014508,-0.09626948,-0.28418475,0.16847353,-0.24903984,-0.28759623,0.18820165,-0.14608432,0.01766739,0.29958263,-0.43336302,0.21407577,-0.29500556,-0.16597196,0.0023957568,0.10717953,-0.31501517,0.2291363,-0.23732038,0.28539994,-0.15518841
1.0469,0.31041473,-0.4437105,0.15921664,-0.1427461,-0.16337435,0.19820541,-0.28883925,0.08910011,0.17774694,-0.27889338,-0.0738763,0.072082646,-0.41591063,0.22476454,-0.30202737,-0.03259468,0.060417634,-0.17231956,-0.36697543,0.1470394,-0.46140218,-0.029439632,-0.24808228,-0.11104512,-0.09680118,0.12425076,-0.6675756,-0.027488671,-0.09596868,0.15277249,-0.07592296,-0.53999865,-0.3054297,0.13178763,-0.10701566,-0.07618868,-0.00017023493,-0.30754685,0.26469764,-0.18416114,-0.386136,0.06299225,-0.05859082,-0.17168935,0.47883412,-0.5945182,0.25037858,-0.08509705,0.14381984,0.16317137,0.00037658753,-0.3249617,0.26263523,-0.053852905,0.23717158,0.10051682
1.0508,0.27972886,-0.34476784,0.09751054,-0.15359525,-0.10820532,0.22561061,-0.3220608,0.0981323,0.08841621,-0.14846969,-0.16082963,-0.007900879,-0.33682808,0.16498525,-0.16468374,-0.0024477816,-0.09048478,-0.012391565,-0.21218328,0.44203588,-0.27696425,-0.05725091,-0.037572466,-0.261404,0.02209277,0.17024446,-0.35664594,0.11811428,-0.03309681,0.030467663,0.110339224,-0.43653598,-0.22333091,0.23520233,-0.062447608,0.0141031435,0.016452108,-0.31482026,0.39894694,-0.123421185,-0.33422655,0.04739775,0.066775404,-0.08499255,0.46506253,-0.41217247,0.23916416,0.053204577,-0.012240173,0.11143601,0.127997,-0.2715257,0.34199545,0.013138162,0.09537329,0.3690122
1.0547,0.1965765,-0.37881532,-0.06538289,-0.1336755,-0.32321957,0.07292649,-0.49944994,-0.085586525,0.19546284,-0.08512942,-0.23364165,0.20128265,-0.37207797,0.0987555,-0.007957102,-0.19354391,-0.16459857,0.0458613,-0.18158695,0.37677196,-0.36343536,-0.24454257,0.09012822,-0.16812763,-0.02025779,0.28169218,-0.42653325,0.16789536,-0.032821897,0.078636944,0.09603202,-0.28151235,-0.3020989,0.46975094,0.17860153,-0.20859559,0.10783498,-0.16030796,0.47933972,-0.03658026,-0.35174087,0.09081916,0.21439552,-0.056773715,0.4262423,-0.25738084,0.02461338,0.3311469,0.075345024,-0.009954121,0.19861765,-0.27705696,0.36184618,0.03479957,-0.06414628,0.22890276
1.0586,0.24517739,-0.46583608,0.051469628,0.11091652,-0.31271335,0.17985961,-0.31186643,0.07310349,0.2617197,0.005818209,-0.20096695,0.17675681,-0.48146352,0.2517787,0.11884927,-0.2364622,-0.095784366,0.083401546,-0.15499847,0.48301277,-0.28516188,-0.28819117,0.19017033,-0.23177828,-0.1296464,0.13885958,-0.4135043,0.10517892,0.1437567,-0.041140575,0.1513152,-0.31488505,-0.16836253,0.41583905,-0.08469178,-0.12157974,0.22866186,-0.14226764,0.28651676,0.14616896,-0.3603802,-0.080662675,0.27899665,-0.13249074,0.3689771,-0.30024576,-0.039130908,0.3498604,0.15314722,-0.21864308,0.17867316,-0.15222223,0.33168104,0.12665671,-0.16538079,0.224935
1.0625,0.18663765,-0.36806402,0.014897545,0.23436868,-0.132436,0.15832141,-0.31375173,-0.1476035,0.32935092,0.23297799,-0.39012694,0.08529036,-0.3848951,0.19056532,0.19565438,-0.42695478,-0.12847394,0.2029764,-0.13818482,0.33454636,-0.27124318,-0.037792165,0.18785104,-0.16260381,0.03776212,0.16238853,-0.32553244,0.11921701,0.2890835,-0.16317587,0.0704931,-0.19286889,-0.08334783,0.3430204,0.06346117,-0.21487623,0.27678376,-0.2192898,0.37443238,0.01875156,-0.33901268,-0.013734607,0.32739943,-0.25621745,0.27539977,-0.06606509,-0.023316072,0.54054105,0.1588573,-0.1122473,0.298038,-0.10201585,0.10066939,0.067333765,-0.23425943,0.3131491
1.0664,0.32688376,-0.25402603,-0.036364097,0.32097065,-0.14914447,0.090089366,-0.17561874,0.0035889416,0.23332095,0.11464417,-0.33391994,0.13095623,-0.27587816,0.15171035,0.31653097,-0.3706539,0.00850392,0.29562017,-0.15023322,0.257092,-0.11816092,-0.050495308,0.28624743,-0.06926478,-0.16370033,0.2997894,-0.23476864,0.26719844,0.42141753,-0.17011176,0.2672528,-0.10334116,-0.24046852,0.25602934,0.05621827,-0.2616236,0.48840386,-0.18141235,0.16549104,0.013910021,-0.094455056,0.04324446,0.3189652,-0.39444363,0.23242043,-0.0032548783,0.062718764,0.48617795,-0.0017137865,-0.33337602,0.37286672,0.13365038,0.12790751,0.21015358,-0.28650862,0.34950143
1.0703,0.2686962,-0.316979,-0.10200306,0.4141484,-0.14218819,-0.016984597,-0.042004433,-0.18495907,0.27612197,0.14860266,-0.33501488,0.27959272,-0.177153,0.267616,0.40721637,-0.4461759,-0.06865901,0.30673537,-0.18545912,0.39936104,0.044495746,-0.21731931,0.36660078,0.014039314,-0.2502753,0.16516572,-0.022852203,0.17389,0.46121198,-0.23465271,0.11457715,0.03509011,-0.15292345,0.1736875,-0.048766118,-0.16216253,0.4292093,-0.044423793,-0.039141044,0.2530288,-0.20351784,0.0047383574,0.3325337,-0.14899307,0.08183858,0.08846811,-0.076582946,0.49614298,0.02149335,-0.24867597,0.24351138,0.068523504,-0.024307227,0.09923236,-0.43551636,0.24983396
1.0742,0.16620123,-0.3538178,-0.10879346,0.39560297,-0.20560274,-0.06501195,0.12896211,-0.115986794,0.08475059,0.05853398,-0.41201034,0.2414693,-0.01682956,-0.080544695,0.3188432,-0.44497395,-0.06312547,0.39416224,-0.21162766,0.06249655,0.014321279,-0.28589255,0.2611194,0.00941971,-0.5079821,0.12800907,-0.023754982,-0.0129315965,0.4906183,-0.3009343,-0.002692543,0.1039779,-0.29772443,0.1831511,0.025684744,-0.23622997,0.4108524,0.18523167,-0.15266807,0.1497771,-0.01014866,-0.08502552,0.35014582,-0.28436875,-0.08659921,0.28356457,-0.19172673,0.31897697,-0.06260455,-0.40594262,0.36111718,0.076386586,-0.04354004,0.26889828,-0.47837746,0.15627652
1.0781,0.07281675,-0.1522731,-0.08733841,0.37004548,-0.14149405,-0.10725946,0.18516672,-0.18275103,0.20229518,0.09667345,-0.32794687,0.26496872,0.13323064,-0.036249578,0.30642053,-0.33445966,0.004119667,0.3587463,-0.0698048,0.09574342,0.25052908,-0.22895753,0.4786304,-0.0019104847,-0.32039246,0.26521382,0.14107698,-0.06199285,0.332132,-0.51686156,0.12575513,0.30388224,-0.16112986,0.04623992,0.08085636,-0.24728307,0.31600425,-0.004047128,-0.12328631,0.124099895,0.024751779,0.06558972,0.39301813,-0.23902842,-0.1734101,0.36413872,-0.26735324,0.15379472,0.074635245,-0.3960807,0.25483355,0.122569434,-0.21674728,0.1604817,-0.22560261,0.09975418
1.082,0.045547154,-0.13650262,-0.015937278,0.36318552,-0.13779785,-0.1517904,0.39103097,-0.14330088,0.14884152,-0.0051439735,-0.40943915,0.3765631,0.26530665,-0.24202125,0.19821924,-0.2760987,0.029723361,0.6178578,-0.13177553,-0.09836724,0.16432329,-0.10781562,0.31205586,0.07238602,-0.4133618,0.34256104,0.15441304,-0.19696283,0.32272986,-0.38710284,-0.06508286,0.34841716,-0.23127082,0.09216452,0.0561428,-0.10915561,0.39057562,0.10094105,-0.4672098,0.124498755,0.117667,-0.023216093,0.36565983,-0.25735548,-0.14868374,0.41946992,-0.21635337,0.060076945,0.111817315,-0.4439763,0.5188307,0.2502903,-0.3036155,0.09982816,-0.29891115,0.060671583
1.0859,0.22282441,-0.010618664,-0.14752017,0.2616623,-0.17437704,-0.16751602,0.38642973,-0.12816033,0.034144092,0.14539981,-0.37149537,0.21347728,0.25951862,-0.19401471,0.07901229,0.100665614,0.01081095,0.5066096,-0.26320928,-0.23510219,0.3442919,-0.16580762,0.16282265,0.18861698,-0.4385858,0.29880813,0.1553093,-0.12669006,0.08667844,-0.13694227,-0.05626907,0.45589134,-0.21628492,-0.12396363,0.20145199,-0.0837089,0.21449405,0.14875549,-0.48491433,0.12124776,0.05926896,-0.084813274,0.32253072,-0.2550394,-0.16811393,0.5108832,-0.20963657,-0.0596995,-0.053636182,-0.2524491,0.34615254,0.06351337,-0.43320987,0.20470765,0.06840803,-0.076554745
1.0898,0.16225368,0.090055935,-0.07289061,0.33175674,-0.21113653,-0.17094184,0.45238653,-0.006955916,0.036367245,0.29890403,-0.385411,0.24891324,0.24589731,-0.31520972,0.080653764,0.086795785,0.053612567,0.41255182,-0.22197418,-0.2733485,0.38326135,-0.054225273,-0.13693057,0.08214692,-0.4698598,0.2671488,0.19664648,-0.27432182,0.15453562,-0.22655746,-0.06058224,0.36215025,-0.012855369,-0.17467299,0.0023576815,-0.046246715,0.117437646,0.15168726,-0.3751922,0.033551868,0.0798846,-0.20623317,0.20471857,-0.2677149,-0.22843823,0.46510383,-0.054504167,-0.25169703,0.14861919,-0.24425817,0.28986114,0.13818118,-0.2994312,0.016413119,0.19578382,-0.20743826
1.0938,0.19073945,0.04237439,-0.23855361,0.21984944,-0.3031106,-0.29435962,0.3460687,0.07958323,-0.06699045,0.074890584,-0.18267043,0.27006963,0.14252277,-0.3550924,-0.07693008,0.27423725,-0.02260098,0.42852345,-0.24564765,-0.40010464,0.30525407,-0.013168772,-0.25092575,0.14616269,-0.44657153,0.15990125,0.30051723,-0.4699045,-0.027443906,0.066511735,-0.11330521,0.3118957,-0.13197559,-0.32980013,0.18151385,-0.38328323,0.117442966,0.13238166,-0.39425087,0.07337127,0.20016178,-0.2100344,0.17681208,-0.124080114,-0.27822095,0.30897814,-0.0067916056,-0.40073895,0.19836976,-0.10948468,0.23539911,0.017210081,-0.5432587,0.014919969,0.35398233,-0.2429255
1.0977,0.037464056,0.112592004,-0.20772272,0.09786787,-0.012661664,-0.3056353,0.53417826,0.06248003,-0.31003988,0.01501728,-0.2561538,0.20071952,0.30077976,-0.4633705,-0.06646918,0.29262596,-0.08189774,0.12974751,-0.28493303,-0.3040468,0.41715348,0.004920402,-0.24444918,0.11504725,-0.3721284,0.24863985,0.33739308,-0.3658202,-0.010127963,0.1942937,-0.31824645,0.20123884,-0.38835064,-0.2751497,0.4334548,-0.012441553,-0.023990316,0.25062206,-0.38496062,-0.07847511,0.17325678,-0.23835118,0.08472182,0.050070085,-0.080920376,0.35497373,-0.11105574,-0.3758077,0.14695773,-0.14042689,0.19055218,0.20479889,-0.45993754,-0.08944869,0.40735242,-0.24398926
1.1016,0.25093114,0.31992272,-0.23431714,-0.18328749,0.11937291,-0.21596305,0.33583495,0.16287528,-0.18565135,0.2655033,-0.10786837,0.05715326,0.27451664,-0.41835135,-0.13381532,0.32483143,-0.037773278,0.019109732,-0.14056213,-0.3595079,0.39334813,0.06325504,-0.20133846,0.106697634,-0.23868503,0.3197984,0.35409552,-0.3697846,0.17699371,0.21788906,-0.08448793,0.092238344,-0.24444169,-0.23483531,0.4555414,0.01618373,-0.3511714,0.18715513,-0.1297457,-0.0740413,0.11712655,-0.3528287,-0.07435918,0.06399305,-0.08022766,0.17115404,0.07733053,-0.51413804,0.12094365,-0.1113885,0.13827308,0.22509414,-0.3706994,0.120013684,0.2626283,-0.276465
1.1055,0.22603367,0.2793222,-0.107136264,-0.13616827,0.18778934,-0.15966602,0.25426027,0.15603837,-0.31088814,0.21322031,-0.07351362,-0.0324691,0.24799447,-0.22038643,-0.1804456,0.4137798,-0.18195482,0.11509944,-0.115786836,-0.26829013,0.29694092,0.1710416,-0.4697625,-0.0013547733,-0.1551445,0.09880441,0.25114214,-0.3339836,-0.057960823,0.22601482,-0.10738496,-0.09383522,-0.21476912,-0.2585184,0.4664213,0.040987186,-0.2756953,0.19901131,0.021120451,-0.26380917,0.36057636,-0.34674338,0.010528592,0.31637073,-0.298913,0.25673425,0.119572416,-0.53163373,0.25900835,-0.040932085,-0.13693312,0.082922205,-0.316393,0.1314185,0.35209867,-0.21501312
1.1094,0.11485795,0.14505605,-0.43386474,-0.021858755,0.18522476,-0.17686455,-0.037859526,0.37827078,-0.22057198,0.43493107,-0.08259814,-0.22578175,0.343631,-0.052570973,-0.18890898,0.49616373,-0.22253218,-0.017303698,-0.06821361,-0.12605824,0.3342817,0.10987225,-0.37673536,-0.111044675,-0.16268261,0.1273169,0.26588634,-0.3873228,-0.16376248,0.39430913,-0.07171371,-0.2775395,-0.2699727,-0.23903577,0.5232819,0.12861776,-0.33781996,0.15717204,0.12337616,-0.05351876,0.15408958,-0.4744387,-0.019628305,0.16669966,-0.05195696,0.16068102,0.023431823,-0.42747438,0.35211158,0.02115483,-0.0067440234,0.26014784,-0.25034255,-0.17164542,0.40656042,-0.053404383
1.1133,0.1628634,0.3998153,-0.24664617,-0.19832858,0.3983555,-0.010277977,-0.10362172,0.17661959,-0.34669423,0.37338614,0.011258043,-0.25879025,0.22507553,-0.021408224,-0.19906245,0.31448716,-0.14786375,0.020635804,-0.0085009765,-0.13999715,0.24647768,0.23648797,-0.45479512,0.018573552,-0.03813635,0.06223332,0.27212965,-0.35778832,-0.07835573,0.6034803,0.007676539,-0.31251928,-0.1831583,-0.14805405,0.2549407,0.13632534,-0.43297464,0.15350504,0.19348285,-0.19048595,0.13116483,-0.4267245,-0.078044854,0.24300563,-0.17951508,0.04358927,0.13346389,-0.24527071,0.55018944,-0.030894967,-0.094060615,0.09319874,-0.20996596,-0.15040514,0.2395287,-0.047830474
1.1172,0.21059372,0.3511732,-0.35394222,-0.14357436,0.47959977,0.08670611,-0.06829286,0.25283718,-0.22443336,0.38032562,0.21511295,-0.23420966,0.13712968,0.013284186,-0.27587244,0.19372146,-0.20558424,0.019965883,0.08639642,-0.24767835,0.14402068,0.17084987,-0.34727812,0.006176857,-0.10527256,-0.022525834,0.17182572,-0.10410557,-0.15420169,0.3413086,-0.039161816,-0.32359865,-0.112285525,-0.03491963,0.39181,0.19514081,-0.42820764,0.17580463,0.31667683,-0.14876428,0.17550753,-0.35038605,-0.044996288,0.49274424,-0.16389355,-0.108558714,0.1768501,-0.15816966,0.4392116,-0.12619823,-0.26856604,0.1160313,-0.002540447,-0.13093467,0.14125946,-0.09132313
1.1211,0.17884439,0.2557504,-0.32080072,-0.2799657,0.55897146,0.19465593,-0.24193507,0.057516433,-0.21382487,0.41609484,0.17312478,-0.33600077,-0.043862756,0.23913327,-0.11324951,0.15316108,-0.37253433,0.054262426,0.26896864,-0.06643739,0.049321517,0.2035257,-0.15526937,-0.23934916,-0.15225303,-0.01818099,0.0874393,-0.15614773,-0.19502378,0.25848716,0.15677904,-0.43296647,-0.15931082,-0.12621354,0.3189436,0.14470965,-0.57862896,0.12505911,0.44169527,-0.16491471,0.27328187,-0.32764778,0.0075014676,0.37820792,-0.10138452,-0.17989181,0.15759662,0.05350987,0.36040586,-0.3029004,-0.33888453,0.14507185,0.09495902,-0.22151439,0.07224409,0.17653786
1.125,0.12808715,0.18098135,-0.306134,-0.06126559,0.35761967,0.3108399,-0.4827203,0.016568294,-0.13406104,0.45411795,0.11983824,-0.37186903,-0.053567618,0.50919276,-0.11300803,0.052267954,-0.44149184,-0.10623067,0.36589795,-0.13844572,-0.050550304,0.27089307,-0.14065482,-0.10569468,-0.13340515,-0.0727944,0.08612406,0.0064532873,0.022885723,0.1210371,0.08835427,-0.477402,-0.055457756,-0.056459915,0.082150035,0.29036045,-0.62743115,0.16621351,0.34113467,-0.1365346,0.002113349,-0.28679833,-0.09015611,0.57872677,-0.056534424,-0.45920742,-0.005561525,0.26180184,0.41125733,-0.115852065,-0.61647105,0.24912052,0.39502966,-0.22586344,-0.11907073,0.17002584
1.1289,0.108338006,0.30830008,-0.22269703,-0.16857816,0.34282172,0.1809155,-0.30346933,-0.1778694,-0.11846706,0.31736326,0.24617779,-0.33165255,-0.05763199,0.4157081,-0.052345812,0.01671412,-0.32113802,0.013171608,0.3566977,-0.19318071,-0.16701327,0.11528803,-0.022138476,-0.06752382,-0.2925748,-0.14289117,0.10642572,0.025625095,-0.07228128,0.14722553,0.19875085,-0.38174832,0.11434102,-0.118296355,0.22045076,0.242333,-0.43176347,0.04886164,0.5066487,-0.12948623,0.23921737,-0.31519684,-0.067475304,0.47952113,-0.07650862,-0.4123295,0.09589638,0.37972215,0.2489647,-0.27425888,-0.5158828,0.056602888,0.5176616,-0.26050043,-0.30727145,0.047684815
1.1328,0.054862898,0.23665893,-0.18922976,-0.12622301,0.31489277,0.29844373,-0.42703038,-0.17928499,-0.13198765,0.21184365,0.2301374,-0.50819665,-0.13605848,0.55679655,-0.13559043,-0.1826267,-0.37989917,-0.005901847,0.49106818,-0.10847369,-0.21623005,0.14859316,0.27761644,-0.10486136,-0.21172288,-0.3152068,0.15691073,0.2272207,-0.14819819,-0.100937836,0.2381172,-0.42613447,0.18156265,-0.12114148,-0.057813738,0.2235641,-0.25603774,-0.12688638,0.45524997,-0.02744139,0.07322677,-0.2710776,0.0832877,0.42638126,-0.07840942,-0.5439885,0.08726241,0.3658964,0.3199922,-0.1251643,-0.40582728,0.13085274,0.39349738,-0.23044527,-0.22349367,0.107985154
1.1367,0.035499547,0.35624376,0.024189252,0.029530346,0.13740332,0.3283427,-0.24804075,-0.17933036,-0.23183753,0.13820295,0.508361,-0.42241058,-0.060693063,0.38451332,0.07659841,-0.23412843,-0.40979522,0.029525874,0.4259431,-0.17605004,-0.348704,-0.10834616,0.2985166,-0.16662636,-0.36776948,-0.42652512,0.18932764,0.16312064,-0.22619729,-0.2502569,0.28779668,-0.15344132,0.18140893,-0.295113,-0.30997306,0.21247917,-0.41838145,-0.045964416,0.19423454,-0.03968754,0.15617828,-0.23406018,-0.18298467,0.28506768,-0.11886151,-0.46635178,0.10694976,0.34567177,0.14161947,-0.069987364,-0.35923478,0.15045467,0.30917847,-0.31858176,-0.28375903,0.033222586
1.1406,0.07889241,0.18111247,-0.018172216,-0.037666187,-0.08532938,0.32590693,-0.29445595,-0.101318546,-0.2514425,-0.035746653,0.2700619,-0.35219136,-0.08640876,0.38433275,-0.05124391,-0.26552945,-0.43556252,-0.029657124,0.4339357,-0.22843702,-0.15683663,-0.06385375,0.4697189,-0.17792957,-0.3273601,-0.3364864,-0.014980697,0.31465462,-0.23841597,-0.18599632,0.10190138,-0.029568724,0.21912017,-0.31348267,-0.16138986,0.24918604,-0.126763,-0.08587093,0.10095439,0.039389987,0.08601173,-0.2571634,-0.11776844,0.054581847,-0.06754568,-0.28793153,-0.1114853,0.3739536,0.09300648,-0.07902543,-0.38137615,0.112459324,0.45472685,-0.19110057,-0.3323031,0.07980131
1.1445,-0.283385,0.15760021,0.20269763,-0.19047047,-0.09732059,0.26491773,-0.17964952,-0.200972,-0.22682662,0.010565609,0.2117718,-0.35858312,-0.20632215,0.3420118,-0.03263691,-0.40453234,-0.3500061,0.109750055,0.31380835,0.046506513,-0.49614057,-0.0780444,0.3882278,-0.06110236,-0.3705033,-0.43687454,0.036422625,0.3104729,-0.10717701,-0.2972463,0.2070186,0.07147421,0.29756013,-0.35473782,-0.2597448,0.22119302,-0.09024636,-0.0194068,0.020490007,0.20691466,0.29261267,-0.14233834,-0.24208795,-0.092209116,0.25876978,-0.26731858,-0.14511636,0.38873416,0.13838628,0.15575188,-0.41132435,0.086131774,0.28094384,-0.22236414,-0.21655911,-0.07422636
1.1484,-0.1697325,0.10276547,0.16449031,-0.23477055,-0.18947847,0.15799537,0.0037906943,-0.083318435,-0.2392918,-0.20862547,0.33209807,-0.1188072,-0.04479401,0.20448628,0.02419281,-0.35290554,-0.3276006,-0.017606752,0.19064972,-0.018154316,-0.4452368,0.019534651,0.5502168,-0.00029706155,-0.17255907,-0.29163426,0.04955885,0.37910804,-0.19122098,-0.4166749,0.08840283,0.20767136,0.3775772,-0.32480758,-0.11053966,0.11446867,0.14947426,-0.25246602,-0.05247587,0.22916065,0.16521122,0.023021774,-0.2672509,0.06501859,0.39640433,-0.21487767,-0.15092276,0.28689027,0.21531194,0.38896266,-0.21505608,0.062030822,0.24395499,-0.08076584,-0.19447385,-0.12796356
1.1523,-0.19908908,0.17108941,0.28976133,-0.23893577,-0.29780352,0.21040736,-0.034985617,-0.08413263,-0.34566694,-0.13592918,0.06794178,-0.06390464,-0.136254,-0.018953487,0.03779615,-0.29532504,-0.31751376,0.0931227,0.17515476,0.07298017,-0.42619535,-0.30610216,0.42304784,0.04040639,0.043271605,-0.30521187,0.12956007,0.5126146,-0.41595173,-0.40927503,-0.10339409,0.3238388,0.29523998,-0.31064206,-0.13452104,0.17270732,0.41655272,-0.14441147,-0.18605497,0.41870737,0.121038936,0.09758145,-0.28262836,-0.22093496,0.3170392,-0.17488001,-0.12903634,0.100085005,0.24325976,0.28950793,-0.2242904,-0.07862832,0.15107314,-0.07691263,-0.021239605,-0.20210946
1.1562,-0.24733509,0.15799476,0.276128,-0.19514136,-0.32162184,0.062656775,0.069995485,0.0625135,-0.31149033,-0.047791533,0.1902089,-0.007201348,-0.2828198,-0.15861091,0.34583575,-0.22816166,-0.19397798,-0.14330286,-0.0071501792,0.15505853,-0.19883901,-0.1880911,0.3500728,0.070423864,0.007642092,-0.29999843,0.019989988,0.3400711,0.04907901,-0.17243215,-0.24187058,0.4777924,0.39918992,-0.33912873,-0.1949442,0.08507999,0.33670563,-0.23142599,-0.49843433,0.32926756,0.1744947,0.27136874,-0.39359885,-0.030190231,0.40676498,-0.121674724,-0.14190364,0.007861519,0.013447695,0.43102175,-0.25840357,0.04284362,0.06437856,0.13048467,-0.029066201,-0.34316808
1.1602,-0.34915185,0.21108861,0.42983693,-0.24757797,-0.3544859,0.03231616,0.2262345,0.017396647,-0.42587382,-0.0648853,0.30800208,0.21144496,-0.1653868,-0.1458127,0.37974578,0.024338769,-0.11792338,-0.08415171,0.060813412,0.37729663,-0.3934068,-0.07935129,0.20840704,0.046613567,0.15780813,-0.50813836,0.011071225,0.38394046,-0.044926323,-0.18385154,-0.34434032,0.48753518,0.19341339,-0.23480485,-0.019637225,0.18835415,0.40372157,-0.12236363,-0.41291997,0.19201432,0.22996964,0.3110856,-0.31702453,-0.119291,0.3915689,0.083326906,-0.084880315,-0.098586574,0.073272705,0.57916963,0.013469376,-0.14145488,-0.022036813,0.21779944,0.13000612,-0.14188449
1.1641,-0.49714687,0.08641994,0.51852477,-0.2568044,-0.19099653,-0.13238724,0.37477502,0.28092733,-0.5047232,-0.017250594,0.12447783,0.06658441,-0.14644188,-0.22572976,0.34054157,0.07414526,-0.10232298,-0.20794109,-0.10001304,0.33553764,-0.1873277,-0.2408383,0.02046449,0.19141178,0.3657879,-0.36934584,-0.0863232,0.37068734,0.05795386,-0.22354044,-0.2743713,0.292587,0.22551271,-0.27147958,-0.060215976,0.09924204,0.5050421,-0.14334899,-0.32761818,0.12983195,0.2642336,0.1939592,-0.28260958,-0.17912921,0.3502626,0.26285094,-0.18031117,-0.38278282,0.1894399,0.46296927,-0.1492857,-0.20067504,-0.18447034,0.4118997,-0.05441503,-0.1793619
1.168,-0.37557542,0.10037654,0.3945805,-0.081601396,-0.31624278,-0.25085205,0.25334865,0.1333629,-0.4566331,-0.04323394,-0.021459173,0.27056476,-0.095875554,-0.26104397,0.2116309,0.12971328,0.051482882,-0.29406837,0.00823334,0.31528488,-0.11237479,-0.17767097,-0.08822237,0.21067911,0.27614576,-0.3083526,0.023941854,0.17131914,0.21394227,-0.1703421,-0.383223,0.2402563,0.15297441,-0.07427922,-0.21132813,-0.057204477,0.44358984,-0.044577576,-0.33790094,0.035826795,0.31098515,0.32554036,-0.32376546,-0.13329323,0.39303792,0.3063067,-0.02027905,-0.31099322,0.26880205,0.316703,-0.09346761,-0.12722029,-0.2156949,0.3868904,0.1580851,-0.23350139
1.1719,-0.29473045,0.10068761,0.3543631,-0.14052121,-0.23139812,-0.23585123,0.23370151,0.15980561,-0.39667714,0.058581326,0.05555972,0.37513208,-0.18812247,-0.25828066,0.35965055,-0.024199046,0.12940533,-0.2844062,-0.099041514,0.39797175,-0.0098675955,-0.10473196,-0.2584711,0.18703935,0.21588361,-0.2672997,-0.064321965,0.16136494,0.26704046,-0.06358794,-0.24106419,0.12996922,0.20038989,0.032810643,-0.19826333,0.13841341,0.39554933,-0.12873632,-0.07193628,-0.115483284,0.30255845,0.2337625,-0.28953245,-0.120395124,0.21429582,0.23152436,-0.053273577,-0.46627086,0.038415942,0.3294891,0.06669086,-0.31462812,-0.14535345,0.41280666,0.11489256,-0.08263765
1.1758,-0.55194104,0.19266939,0.23724793,0.12206802,-0.12801476,-0.309973,0.39142376,0.14712797,-0.34340578,0.02746617,0.17291205,0.33531225,-0.084839456,-0.36272493,0.10667958,0.34124032,0.14355329,-0.40675208,0.006626819,0.5243418,0.15604854,-0.07445882,-0.26657984,0.15700902,0.22429776,-0.29226428,-0.14807436,0.043952797,0.37628847,-0.03282273,-0.3532781,0.09998901,0.08655038,0.10394063,-0.19857718,-0.2185294,0.42298725,0.101323076,0.030020256,-0.21807487,0.21930753,0.31465533,-0.42546114,-0.16152482,0.04752582,0.40678653,0.044801667,-0.33973867,0.20914531,0.28607744,0.116776556,-0.27203247,-0.2621449,0.3726089,0.08878912,0.0767747
1.1797,-0.3729897,0.23319946,0.24401313,0.05412956,-0.015363164,-0.32303822,0.22384174,0.40335566,-0.16249126,-0.04636989,0.072620384,0.45912975,-0.10524825,-0.3403761,-0.0047840527,0.10654964,0.076045655,-0.62103677,-0.14945692,0.42433208,0.24892515,0.07640508,-0.43106318,0.23281783,0.24528049,-0.104739994,-0.1701475,-0.06018311,0.35438374,-0.06844683,-0.3107787,-0.07775178,0.29292035,0.1495899,-0.3179009,-0.03548383,0.30711767,0.124428175,-0.035695042,-0.3330961,0.3104256,0.30902565,-0.2737376,-0.037610475,0.12871136,0.27427557,0.23154615,-0.28150603,0.14587785,0.2999885,0.2127974,-0.365532,-0.26639387,0.14475238,0.24071696,0.11741004
1.1836,-0.45185435,0.062928155,0.07700816,0.2865882,-0.16087177,-0.22119851,0.15404177,0.2514485,-0.27817217,-0.07123326,-0.036010258,0.36091346,-0.17761883,-0.13335608,-0.0072918264,0.28736204,0.16725324,-0.6684837,-0.10847465,0.2495023,0.20887685,0.04218798,-0.56115294,0.0034018855,0.15690207,-0.1318189,-0.119827196,-0.07173948,0.3286914,0.017012583,-0.1407053,-0.19516423,0.03929873,0.26158828,-0.35958377,-0.15543342,0.1939408,0.1841752,0.121518195,-0.49717,0.3865638,0.32120678,-0.13583194,-0.048093084,-0.29923582,0.46624246,0.03571581,-0.36021784,-0.0051973728,0.24079463,0.35514382,-0.121704325,-0.43917838,0.05021719,0.21731359,0.33507088
1.1875,-0.41066557,0.030346205,0.06424015,0.28215635,-0.12817068,-0.3545424,-0.05770601,0.10168398,-0.15610956,-0.16120958,-0.04047707,0.47757515,-0.1327206,-0.08306332,-0.1914053,-0.034808617,0.11911274,-0.3384978,-0.028704913,0.26057908,0.32766378,0.15627448,-0.56024396,0.080623135,0.118938714,-0.05238599,-0.3319231,-0.03279992,0.43977216,0.040878415,-0.10592563,-0.24820939,0.3252254,0.18668735,-0.3547172,0.020857299,0.05186986,0.37339804,0.16450708,-0.55295986,0.28643623,0.1682988,-0.00849253,-0.15812196,-0.24375053,0.31268665,0.14163736,-0.13556483,-0.02521826,-0.078925304,0.33461332,-0.11929866,-0.17950304,0.04733379,-0.004659591,0.52458036
1.1914,-0.4546384,0.03931526,0.092202865,0.4167341,-0.17321287,-0.3009248,-0.07738078,0.14014627,-0.04811412,-0.3317683,-0.046082854,0.46306527,0.12000859,-0.10792136,-0.17833371,-0.05624164,0.0141993435,-0.31414887,0.01813702,0.09945737,0.22495137,0.072822385,-0.5030469,-0.13799435,0.20058753,-0.10914842,-0.36660552,-0.24464823,0.48521107,0.08719535,0.059453785,-0.38319623,0.24293211,0.2896028,-0.4305266,-0.115263276,-0.076532505,0.23758763,0.26355222,-0.36016265,0.3724342,0.2594804,0.16022497,-0.23844917,-0.42006248,0.20566696,0.071117565,0.0020439276,-0.046720844,0.067291476,0.36395988,-0.2645093,-0.26787123,-0.04744034,0.19282444,0.35444844
1.1953,-0.36286256,-0.058994163,0.12675497,0.35594678,-0.01002976,-0.35421872,-0.13052414,0.010693619,-0.025770033,-0.4727127,0.008266652,0.3411983,0.19420783,-0.016213844,-0.38792282,-0.22826406,0.14466017,-0.21637088,0.027309153,-0.08003021,0.40197468,0.079282425,-0.22684912,-0.060871556,0.18900234,0.11853526,-0.24734886,-0.27952576,0.252187,0.26644513,0.24514854,-0.245383,0.3214115,0.29534388,-0.47701788,-0.20418195,-0.08965024,0.3109306,0.28488615,-0.17898187,0.29905197,0.024890056,0.2094656,-0.11997275,-0.37026978,0.27079907,0.16358647,0.1054078,-0.086206675,0.14897586,0.38144672,-0.16380315,-0.089792415,-0.22119108,0.17267032,0.34064987
1.1992,-0.19693877,-0.03291869,0.2034562,0.38110402,-0.08188492,-0.28450775,-0.14915687,0.023122633,-0.025090942,-0.39314985,0.066445746,0.10226495,0.19864722,0.17803062,-0.44869035,-0.0914158,0.08951069,-0.29341176,-0.13804214,-0.1539516,0.34112915,0.14229228,-0.23034672,-0.09836191,-0.0008598457,0.108245924,-0.36066216,-0.28220335,0.13976322,0.14293344,0.2808418,-0.31660596,0.42227724,0.15316002,-0.21772125,-0.17125414,-0.27916947,0.28817248,0.3631156,-0.1004862,0.24470523,0.25043154,0.28779802,-0.387974,-0.32810307,0.14955656,0.19860685,0.42126647,-0.09968051,0.11257684,0.20127924,-0.1337445,-0.116574146,-0.3843361,0.054493934,0.2886136
1.2031,-0.20420109,-0.34113118,-0.07373486,0.47930098,0.0008564282,0.03158816,-0.34281704,-0.3093378,-0.088781275,-0.406952,0.02892135,0.07782917,0.35174236,0.18589638,-0.42192665,-0.23550741,0.25794533,-0.31112805,-0.058715247,-0.16991729,0.36881953,0.08445972,0.022806125,-0.23867856,0.09769744,0.21207128,-0.32551566,-0.12089354,0.16049011,0.17641947,0.3606172,-0.3142773,0.42125535,0.25773513,-0.2848525,-0.2073367,-0.23834546,0.26584744,0.18474708,0.18239702,0.30543777,0.14638416,0.4936856,-0.20807849,-0.22861607,0.01699138,0.086262256,0.5832803,-0.22264963,-0.05378323,0.24478078,-0.0796652,-0.12484615,-0.4212737,0.014374779,0.13399512
1.207,-0.07051954,-0.30246565,0.06640278,0.4832143,0.123562835,-0.047383033,-0.19773875,-0.25859237,-0.015908524,-0.35538283,-0.033362158,0.096291214,0.3727703,0.2307702,-0.42015737,-0.24060653,0.1615376,-0.16189027,-0.27933562,-0.28081423,0.2155711,0.20690155,0.15451355,-0.09245628,0.18154116,0.23484504,-0.33725628,-0.095883735,-0.09731587,0.24930209,0.4170423,-0.17495961,0.32415655,0.09529554,-0.09537333,-0.1748937,-0.46228436,0.36378625,-0.007927701,0.23995012,0.03216216,0.15047897,0.35847372,-0.17158584,-0.24755508,0.05777957,0.00881101,0.42918468,-0.23392454,0.19277205,0.3007249,0.04372879,-0.16665396,-0.46992034,-0.0887731,0.295123
1.2109,-0.06597568,-0.3634743,-0.02652801,0.34461644,0.0854577,0.052689947,-0.37838835,-0.2892663,-0.07836365,-0.4638093,-0.18669829,-0.0404139,0.38148963,0.32280806,-0.16806215,-0.24110875,0.10129586,-0.046546385,-0.23373906,-0.21692984,0.311018,0.12829229,0.26775748,-0.15509301,0.33001888,0.26061264,-0.34293142,-0.205351,-0.21892594,0.20320766,0.2899728,0.040936556,0.4290442,0.12938105,-0.03791897,-0.17020863,-0.30237886,0.12718579,-0.008991595,0.46625805,0.052092653,0.0071639614,0.36127082,-0.25152633,-0.18701267,-0.15544546,0.057652954,0.47800002,-0.3357098,0.24846895,0.22698805,0.12256382,0.15871176,-0.38294327,-0.05573901,0.05075135
1.2148,-0.07849079,-0.5351194,-0.055862132,0.15313715,0.21996404,0.229118,-0.35132867,-0.38651496,-0.15563402,-0.39165077,-0.20736687,-0.33381775,0.27620047,0.2882519,0.0954399,-0.030871524,0.07153468,-0.046860132,-0.43393087,-0.17640579,0.07526946,0.08199288,0.4045854,-0.20402518,0.43890047,0.26310372,-0.3208002,-0.31220162,-0.3219691,0.24049577,0.42457256,0.023591587,0.5099993,0.14933483,0.07433731,-0.19079407,-0.3725272,-0.010250616,-0.0470851,0.5199425,0.13109328,0.14507575,0.40391526,-0.05451529,-0.11819797,-0.33125895,-0.07383138,0.43995443,-0.39868566,0.18231958,0.2250727,0.09943176,0.08617978,-0.33769637,-0.11512233,0.006128963
1.2188,0.057244953,-0.47784957,-0.012421009,0.040865637,0.24881406,0.31065086,-0.12913518,-0.112497844,-0.11370897,-0.20358801,-0.090081684,-0.11707352,0.46291932,0.3045033,0.21213399,0.03410701,0.080531195,0.21627042,-0.35922787,-0.30225924,0.12335267,0.13549143,0.44296443,-0.09415121,0.6107224,0.33504272,-0.16973437,-0.19381288,-0.37538263,0.19457857,0.3495223,0.22143595,0.26968732,0.09289005,0.30857256,-0.09836954,-0.45118603,0.07459101,-0.09580181,0.51816034,0.10989565,0.29272917,0.30715933,-0.046095714,-0.12960257,-0.30149463,-0.084600374,0.21857128,-0.3449803,0.08983902,0.29418775,0.31247,0.1154113,-0.34448624,-0.116217196,-0.11317001
1.2227,-0.009016798,-0.50376236,-0.04545371,-0.0746356,0.377855,0.3128235,-0.15020823,-0.1409183,-0.15160868,-0.1549913,-0.25400713,-0.2631972,0.33467767,0.023768194,0.3053604,0.19816943,0.019195316,0.30884653,-0.5679115,-0.17029968,-0.0767643,-0.028723449,0.24134588,0.102974065,0.4043599,0.26152566,-0.06811508,-0.0979824,-0.52920604,0.11729292,0.31551564,0.17498942,0.44349247,0.17258607,0.30685884,-0.06883389,-0.28622553,-0.18605864,-0.09726321,0.289755,0.07861108,0.1755028,0.34704202,0.013966849,0.031129733,-0.3933112,-0.12525474,0.050444867,-0.24678074,0.08456945,0.12649216,0.3549015,0.20753181,-0.18862869,-0.22232652,-0.39199808
1.2266,0.04470621,-0.46262592,-0.055311933,-0.20362782,0.39475253,0.39348763,-0.11452008,0.022452023,-0.032396458,-0.21241575,-0.19281998,-0.3797778,0.20094866,0.14763467,0.3258593,0.09263443,0.00028769227,0.20764212,-0.44868284,-0.17117727,-0.14641964,0.07017666,0.38659903,0.17313188,0.40913063,0.15984288,0.01327418,-0.14350887,-0.45415628,0.22470407,0.18124622,0.20545045,0.24757025,0.20496742,0.3175615,-0.14811338,-0.298565,-0.37071565,-0.23995177,0.26528287,-0.15154846,0.27379572,0.16462412,0.23297334,0.022668596,-0.28030103,-0.40886447,-0.12317631,-0.17905608,0.0069350367,-0.024554856,0.42828235,0.10575608,-0.03035761,-0.36930504,-0.46721014
1.2305,-0.022430144,-0.35826528,-0.11796825,-0.15007691,0.3047449,0.514169,0.013365468,0.23696998,-0.013646465,0.016041432,-0.17449729,-0.26880652,0.09292407,0.14141372,0.46102336,0.23070368,0.10969579,0.18485594,-0.27281,-0.07936375,-0.089055166,-0.0684428,0.36561042,0.10118575,0.45407566,0.2979179,-0.06386924,-0.125608,-0.3628433,-0.022472985,-0.005951289,0.31911847,0.11090995,0.1814517,0.22188987,-0.16910973,-0.1578355,-0.37461358,-0.27803034,0.20014673,-0.17817496,0.22880644,0.1984358,0.18151642,0.043343402,-0.33000678,-0.19251738,-0.2087582,-0.22360982,-0.15905419,-0.04062368,0.42376697,0.20726033,0.115450844,-0.28925046,-0.3126079
1.2344,0.014906519,-0.4361979,-0.22648725,-0.13842355,0.30219555,0.33611512,0.22002558,0.12021724,-0.087110355,-0.11752549,-0.30126518,-0.39931872,0.059201747,-0.06096485,0.5050418,0.1654688,0.2214461,0.08776978,-0.32432684,-0.3172647,-0.21400106,0.012411735,0.34452918,0.22703975,0.30128857,0.17633304,0.21671337,-0.17695278,-0.29961333,-0.2844304,-0.042576723,0.1775357,-0.002112831,0.33033398,0.2337137,0.0104121575,-0.09904324,-0.4552739,-0.26575112,-0.04284358,-0.20108841,0.30216572,0.17138804,0.4159122,0.013808506,-0.2730307,-0.24075404,-0.2973282,-0.24522042,-0.117662154,0.09521929,0.40299174,0.08707112,0.3286592,-0.3061246,-0.44899517
1.2383,-0.038658135,-0.45440125,-0.28065354,-0.26251376,0.3126461,0.23717897,0.3083777,0.18453929,0.020461468,-0.04161945,-0.30716312,-0.3863312,-0.1968585,-0.0268762,0.391179,0.2543153,0.11906579,0.28931755,-0.093854666,-0.23849913,-0.23886986,-0.13989434,0.21276344,0.2815816,0.2663123,0.11679825,0.18127179,-0.054509375,-0.14442705,-0.2772186,-0.26208755,0.24988376,-0.027406806,0.26836845,0.26349005,0.061103787,0.026743801,-0.5082821,-0.27125967,-0.18365236,-0.20769292,0.22123206,0.19655365,0.26567924,0.020047233,-0.33903623,-0.17708352,-0.3977118,-0.12746364,-0.29238215,0.035471912,0.47113702,0.1960883,0.29784516,-0.29713535,-0.44754988
1.2422,0.08640144,-0.32622942,-0.16480999,-0.4444171,0.15146269,0.3318431,0.19576658,0.26815134,-0.025461294,0.11796772,-0.24608871,-0.2774001,-0.1298075,-0.06831816,0.25695062,0.22265002,0.2864037,0.1616837,0.050889485,-0.2760506,-0.25556237,-0.090398006,-0.15972987,0.22381726,0.1640988,0.11770372,0.23119491,-0.088569365,0.0025725095,-0.4398089,-0.3217507,0.13972305,-0.22407511,0.52015656,0.18569973,0.11128358,0.20126145,-0.3783354,-0.2068647,-0.45720544,-0.3106555,0.10825655,0.16176908,0.46795714,0.15130581,-0.14019659,0.05451709,-0.4167439,-0.112523496,-0.40932173,-0.074336596,0.3970372,0.11142709,0.44820413,-0.2498722,-0.3896828
1.2461,-0.08133068,-0.1770494,-0.2844514,-0.28096,-0.11504171,0.19753353,0.28587803,0.34434664,0.15770438,0.12951829,-0.20286214,-0.12683272,-0.3543736,-0.02928124,0.04307491,0.24322443,0.35334966,0.11646098,0.052484106,-0.18606077,-0.4556572,-0.14123888,-0.22073118,0.40003407,-0.07642198,0.19464909,0.34080535,-0.042319324,0.07407958,-0.38321,-0.43462685,-0.036393505,-0.1618636,0.34158558,0.2178449,0.13307981,0.25197753,-0.301211,-0.17799029,-0.28407544,-0.28474042,0.14028054,-0.030080609,0.4466423,0.18378344,-0.054325152,-0.017516898,-0.41411132,-0.071594454,-0.44321376,-0.26812962,0.39187253,0.13734946,0.29510653,0.03900631,-0.20373437
1.25,0.05867646,-0.2555942,-0.35370126,-0.2551402,-0.09745555,0.0008130933,0.29869127,0.20496894,0.3035443,-0.12211328,-0.15439096,-0.08510363,-0.33651203,0.06521141,0.019395657,0.20063643,0.39131886,0.16109237,0.11298847,-0.2574389,-0.28658694,-0.10430167,-0.42768905,0.1712876,0.07207489,0.14731666,0.4639348,-0.033308055,0.1159214,-0.5087701,-0.41199017,-0.058518827,-0.18716846,0.23769587,0.21367158,0.24342059,0.19443075,-0.12316761,-0.043665893,-0.49858776,-0.32895252,0.20155151,0.17329907,0.36442736,0.2703166,-0.030878777,0.22015175,-0.44093674,-0.24843703,-0.35961258,-0.1518588,0.23697147,0.19498616,0.31713027,0.15978107,0.056507744
1.2539,-0.021340543,-0.1745418,-0.34324428,-0.053913917,-0.35160536,-0.18903191,0.19201837,0.14587295,0.4033662,-0.06733164,-0.17276168,-0.1207378,-0.45821968,0.066710725,-0.41561905,0.09238991,0.38124707,0.07678168,0.22577746,-0.08641248,-0.48632246,-0.14547555,-0.2785193,0.056737185,0.01668002,-0.021109032,0.47021377,0.047881864,0.106365986,-0.4287551,-0.47124282,-0.1640624,-0.26706058,0.20149758,0.12754163,0.2309775,0.24393271,-0.058061384,-0.12936738,-0.53572625,-0.32314098,0.053674955,0.014937843,0.36445183,0.25538453,0.11949245,0.034013633,-0.12594266,-0.2936435,-0.22201753,-0.16213126,0.08550035,0.09838303,0.15355337,0.2953057,0.1347103
1.2578,0.075661756,0.010283842,-0.30339292,-0.28786346,-0.25989303,-0.23973483,0.21026261,0.19319002,0.337367,-0.03005126,-0.18752272,-0.05226865,-0.46168044,-0.17690553,-0.256429,-0.16194215,0.41431716,0.13900256,0.23917912,-0.106866896,-0.27529228,-0.2609587,-0.35682935,0.046569653,0.12022262,0.09807179,0.41745278,0.107318774,0.12043787,-0.21649693,-0.2771627,-0.14541131,-0.13263866,0.28825313,0.02891414,0.3834064,0.3667304,0.057891484,-0.041986782,-0.3041782,-0.42067584,-0.06507729,0.016346293,0.23584178,0.3879866,0.2464463,0.10676194,-0.13775113,-0.23784287,-0.3171808,-0.19764641,0.040802706,0.21395908,0.2479609,0.30057955,0.22495256
1.2617,0.042667266,0.020916995,-0.3486337,-0.18074208,-0.34516355,-0.28890193,0.14337105,0.04764189,0.4954984,0.13567232,-0.21425731,0.03112779,-0.4866808,-0.108890586,-0.15434036,-0.1375455,0.5627558,0.039548986,0.32682484,-0.09439398,-0.30323496,-0.03329278,-0.40075514,-0.17266974,0.04341476,0.20640518,0.4854298,0.07438164,0.19682632,-0.032667994,-0.17231457,-0.052220438,-0.19342901,0.081632085,0.14042972,0.43522778,0.37109724,0.06858797,-0.017917559,-0.31524983,-0.35802034,0.036259316,-0.12384964,0.2136631,0.29840204,0.27305922,0.2752349,0.16197746,-0.37233502,-0.16092132,-0.24440323,-0.25955418,0.14908585,0.19250067,0.42797998,0.43296894
1.2656,0.12663348,0.14636093,-0.38797888,-0.0056506298,-0.4112855,-0.27814984,0.14464723,-0.23241632,0.3032928,0.02593459,-0.19487509,-0.06892211,-0.39576948,-0.13788289,-0.47490284,-0.31258464,0.46108285,0.26042628,0.33892688,0.06700121,-0.25503445,-0.08063222,-0.36371028,-0.15698266,-0.017584486,0.0803012,0.39969447,0.24439186,0.24860878,0.07957225,-0.15313025,-0.21571705,-0.20342913,-0.08807427,0.21621662,0.08380665,0.27127424,0.3141565,0.11894588,-0.051752307,-0.34788272,-0.122243635,-0.049676962,0.06651477,0.33043993,0.2050178,0.200372,0.3149507,-0.41039103,-0.16042945,-0.22543511,-0.052127652,-0.0077084634,-0.14483617,0.31947792,0.4850058
1.2695,0.054995872,0.14566763,-0.20038207,-0.09234521,-0.38805908,-0.49787843,0.062093455,-0.26060995,0.30003944,0.107623756,-0.10120827,0.119814195,-0.16488232,-0.17663199,-0.3494864,-0.40139246,0.33286124,0.21072513,0.28396964,0.14218214,-0.047099784,0.025085144,-0.18228424,-0.41738832,0.09469642,0.10003911,0.2961375,0.34328416,0.2609187,0.25070795,0.02016633,-0.11607666,-0.15469033,-0.018541515,0.17729266,0.055503044,0.39777616,0.44425684,0.07863357,0.37368405,-0.36901408,-0.21950561,0.070720695,-0.04372331,0.41576463,0.30362698,0.23339649,0.28381264,-0.2980898,0.00017082722,-0.23849072,-0.27556586,0.06111421,-0.030215936,0.30020422,0.4296702
1.2734,-0.100509815,0.23536195,-0.10616492,-0.084862776,-0.3451355,-0.4506527,-0.13569725,-0.12572503,0.4046739,0.34952793,0.025887212,0.053730596,-0.10096962,-0.19093457,-0.26498458,-0.45971313,0.32084763,0.34918538,0.3940561,0.34520054,0.07534856,0.059662055,-0.07503181,-0.34957922,-0.01357063,0.1907905,0.22286114,0.42656413,0.23169293,0.33631736,-0.08047081,-0.10220979,-0.079773135,-0.1998718,0.14455348,0.21521086,0.27983317,0.43239152,0.19691193,0.27416384,-0.37283918,-0.31963962,-0.008103803,-0.14110875,0.33156192,0.2775065,0.16374974,0.38955703,-0.48658255,-0.12517315,-0.26558533,-0.20076413,0.010029291,-0.07575885,0.27712372,0.5936753
1.2773,0.036919888,0.1279463,-0.10225275,-0.12371843,-0.18274611,-0.38554075,-0.19643533,-0.24875791,0.42319313,0.2920673,0.08277606,0.16052687,-0.060302377,-0.19723645,-0.20823988,-0.43494034,0.26556593,0.2895122,0.17028128,0.2707815,0.1705162,-0.00904219,0.057619177,-0.21913895,0.062453732,0.17284329,0.23482679,0.4094596,0.15845677,0.40458873,0.05420368,-0.038161617,-0.084002726,-0.1874655,0.18760854,0.23950309,0.10080199,0.4615498,0.05457054,0.26857862,-0.24991761,-0.33872923,-0.036138948,-0.2606789,0.15298966,0.2924547,0.10414889,0.60672104,-0.19608186,-0.23325217,-0.064535424,-0.47652197,0.029653184,-0.13668978,0.15597577,0.30811313
1.2812,-0.014350509,0.21503597,0.030839032,-0.110954925,-0.15459606,-0.5747724,-0.1801763,-0.34217516,0.27856365,0.44514346,-0.03562128,0.1382688,0.035544697,-0.07240655,0.004267683,-0.2055154,0.14606062,0.32948261,0.28669724,0.36531493,0.20927349,0.017501362,0.14376283,-0.12222168,0.18448915,0.18945019,0.12181311,0.32142502,0.21080567,0.38956177,0.24676408,0.0140656885,-0.13652773,-0.21064314,0.29369816,0.17237155,0.016186029,0.32296878,0.15363064,0.39401254,-0.20912567,-0.37078968,-0.06211254,-0.2843528,-0.024274712,0.2298117,0.02101281,0.39928293,-0.34002522,-0.16640414,-0.08720025,-0.5176499,-0.08926343,-0.30153325,-0.14435299,0.3188033
1.2852,0.07255102,0.19974127,0.15314788,-0.07244116,-0.005740196,-0.24959558,-0.29924303,-0.26823545,0.18823165,0.3244179,0.1265685,0.20337775,0.22108379,-0.07286174,0.05734269,-0.21831557,0.080146566,0.27115527,0.07140946,0.47742343,0.2827662,0.16587968,0.2094526,-0.20638758,0.07315937,-0.097987935,-0.05080294,0.32243785,0.23514858,0.47387218,0.3586487,0.021187436,-0.08322313,-0.27941114,-0.02056145,0.19813941,-0.024977423,0.44616655,0.12187659,0.28492275,-0.15634932,-0.60869837,-0.23298368,-0.2545371,-0.09526697,0.12282897,-0.020361556,0.22174303,-0.15557186,-0.20827228,-0.16104968,-0.40378886,-0.07867698,-0.16603142,-0.25842398,0.096930705
1.2891,0.26762417,0.11568145,0.24450842,-0.17243193,0.12973896,-0.32269514,-0.21036316,-0.19251895,-0.010286161,0.43365517,0.3359107,0.1782909,0.34891278,-0.16985148,0.11283802,-0.10499166,0.14995784,0.42422286,0.13543355,0.5103197,0.37573957,0.11591738,0.39344832,-0.100900106,0.09042851,0.23314926,0.04486662,0.31286573,0.20046723,0.42984453,0.39278173,0.15382381,-0.12033688,-0.11611943,-0.09391464,0.0842958,-0.106760524,0.41534397,0.069962606,0.32959658,-0.10246757,-0.41407514,-0.18554445,-0.2765373,-0.262824,0.04083007,-0.062103,0.24302399,-0.14579809,-0.3316393,-0.10003432,-0.377072,-0.2183492,-0.21667661,-0.34012088,0.077745184
1.293,0.24825844,0.07569383,0.295814,-0.008833512,0.08637935,-0.0986917,-0.23480009,-0.05137753,-0.01589959,0.29943854,0.30521324,-0.06252313,0.28582716,0.05256251,0.21792623,0.0009440719,-0.015179469,0.28655085,0.21365234,0.19256045,0.40220952,0.22064304,0.46112022,0.13067783,-0.2138395,0.13882816,-0.11758236,0.2959405,0.12917922,0.25355947,0.29989523,0.12835817,-0.24001914,-0.40255508,-0.30311906,0.0050021475,-0.052807275,0.19363998,0.1407457,0.07820659,-0.11586756,-0.4366072,-0.12989567,-0.15578777,-0.19442812,-0.0024267382,-0.05633523,-0.02762357,-0.03395868,-0.40511855,-0.08470498,-0.32985196,-0.35569015,-0.15237936,-0.3327445,-0.117586
1.2969,0.19548097,0.22846073,0.3684556,-0.12154106,0.120138384,0.014559704,-0.25243393,-0.10706704,0.14700443,0.29288834,0.2376178,0.17647931,0.39721432,0.15420045,0.19109546,0.343151,-0.11484464,0.27958894,0.21713698,0.37443304,0.4404895,0.13784644,0.40689126,0.155564,-0.17749627,0.25748706,-0.014267541,0.18649116,0.06567551,0.13484627,0.4874883,0.07881622,-0.22537191,-0.3007609,-0.20978913,-0.03605633,-0.1257968,-0.004371496,0.24544126,0.032258995,-0.14136764,-0.42661983,-0.2094552,-0.20040578,-0.34578004,-0.013951083,-0.24339212,-0.2699489,0.00078668055,-0.2654832,0.07361228,-0.27380046,-0.3556529,-0.17686169,-0.5036134,-0.15368003
1.3008,0.21841283,0.13592671,0.4152671,0.07913719,0.09068208,0.19751754,-0.18629123,0.03496836,0.13033953,0.36313358,0.55370694,0.20445059,0.28863138,0.20710711,0.43707576,0.38181034,-0.07404636,0.2599237,0.115686275,0.1620027,0.4116804,0.21784025,0.37151146,0.27261874,-0.28050607,-0.0107888775,-0.27864128,0.008833219,0.05520123,0.14457056,0.50618947,0.19554214,-0.21604232,-0.2220609,-0.31079504,-0.06542765,-0.23446298,-0.10606705,0.0070224022,-0.20029864,-0.18902239,-0.35474887,-0.34800363,-0.14742982,-0.4965078,-0.13461116,-0.28644246,-0.2276229,0.14357401,-0.2572901,-0.025225028,-0.25361878,-0.38981757,-0.105977446,-0.41189036,-0.06931187
1.3047,0.34023646,0.07469347,0.32264373,0.1526135,0.09692207,0.26926604,0.06890717,0.21071821,0.107653655,0.21679384,0.39448914,0.18224281,0.49826324,0.35555914,0.2008147,0.32553548,-0.08791348,0.19580066,0.20447852,-0.066205926,0.432324,0.15257151,0.4177859,0.41238704,-0.23955195,-0.11626641,-0.2138305,-0.103160985,0.04951922,-0.08334587,0.3555663,0.08010987,-0.27329457,-0.0021757928,-0.3558861,-0.042463873,-0.20710957,-0.25195,0.0046995142,-0.021370888,-0.05843648,-0.3975388,-0.25535023,-0.25491443,-0.50766915,-0.10365894,-0.29922867,-0.44327974,0.09124972,-0.30280676,-0.016509011,-0.2283407,-0.31171992,-0.01875793,-0.32983187,-0.2030281
1.3086,0.28442845,0.1392565,0.46136296,0.18133865,0.027545454,0.14487351,0.025419978,0.25225857,0.23510952,0.12191996,0.43018097,0.1335687,0.5262971,0.35208195,0.18359694,0.41567963,-0.25851956,-0.02641728,0.20317808,-0.23394804,0.1976854,0.113538176,0.35806346,0.31486028,-0.2997789,-0.02190969,-0.2672967,-0.2879141,0.08696872,-0.16016214,0.23557752,-0.0036926514,-0.3850751,-0.01798578,-0.3176136,-0.19517095,-0.20024365,-0.35441974,-0.14923772,-0.24383341,-0.14014041,-0.35072702,-0.48239577,-0.062550165,-0.43508437,-0.16200991,-0.12637296,-0.41240367,0.08979544,-0.07503067,-0.06394344,-0.0035004925,-0.2998381,-0.087076075,-0.25059232,-0.22915807
1.3125,0.35573024,0.23339742,0.2877087,0.30826956,0.20770863,0.33600742,0.23097813,0.34046987,0.27605963,0.030947875,0.42025414,0.25696763,0.30824095,0.39074796,0.01490528,0.4314764,-0.11632183,-0.006864928,0.1258345,-0.18559808,0.24132757,0.028490052,0.05390217,0.16992587,-0.310342,-0.08725061,-0.2915973,-0.46850228,0.057988852,-0.18391132,0.055717733,0.051144965,-0.35784808,-0.05360251,-0.4208666,-0.22826676,-0.24565351,-0.3561069,-0.22789057,-0.31503317,-0.17632,-0.05437681,-0.45392522,-0.17072685,-0.33230788,-0.1508185,-0.13657458,-0.5058874,0.26356998,-0.03634705,-0.08554648,-0.03171,-0.2807293,-0.023089783,-0.070653304,-0.2817779
1.3164,0.45061523,-0.01246456,0.29061535,0.32980752,0.28427935,0.44815353,0.1272074,0.20644148,0.3645803,0.03484086,0.335773,0.14936726,0.05398273,0.38617322,0.07582772,0.423543,-0.041782103,-0.020240862,0.18794039,-0.10937458,0.0637769,0.034622166,-0.04316775,0.13795999,-0.2226864,-0.06610557,-0.2498862,-0.33236605,-0.15055405,-0.25119346,-0.13913687,-0.243778,-0.5072395,-0.22454219,-0.35438678,-0.20421326,-0.19378935,-0.42408097,-0.24044524,-0.30654055,-0.1702985,-0.047693297,-0.21044894,-0.2073398,-0.1960938,-0.15536939,-0.26202434,-0.3458387,0.10889813,0.00065657723,0.06678093,0.04230826,-0.13991068,0.075047374,-0.045954403,-0.14404196
1.3203,0.52442485,0.062842116,0.3940852,0.33788624,0.261851,0.4342012,0.22677758,0.28920117,0.31225342,0.06325127,0.26655957,0.14984126,0.15870829,0.18776627,0.17707229,0.28295317,-0.060363647,-0.19125463,0.23496087,-0.12684183,0.09466686,0.06617785,-0.12678424,0.12094359,-0.3244971,-0.0856969,-0.06943881,-0.21372482,-0.15657243,-0.30213076,-0.17395143,-0.05243822,-0.5111345,-0.24543257,-0.13139832,-0.29244182,-0.14192325,-0.36927,-0.26556692,-0.27122957,-0.22312762,-0.20344323,-0.25266454,-0.01128339,0.012226949,-0.115723066,-0.18260887,-0.29026365,0.026801942,0.1754304,0.030862227,0.18569236,0.0026017434,-0.0025690962,0.13619183,-0.15427554
1.3242,0.4825583,0.12736519,0.29673955,0.40222642,0.04898664,0.4630396,0.40150714,0.27484587,0.37966582,0.12517801,0.42410403,0.18396515,-0.057747897,0.2574535,-0.034360684,0.25815588,0.08868457,-0.24965465,0.06307615,-0.071993195,0.09897753,-0.06605921,-0.22882931,-0.15374006,-0.14513198,-0.2246379,-0.17703933,-0.29095256,-0.17902797,-0.1895819,-0.10464696,-0.23404254,-0.44473147,-0.2959043,-0.13797046,-0.21258247,-0.1041076,-0.37551585,-0.29264334,-0.20772871,-0.2171969,-0.014328575,-0.2428338,-0.08553438,-0.040521834,-0.27700177,-0.0105304215,-0.36624265,-0.06331699,0.36028174,-0.058164816,0.29948926,0.008120575,-0.04828282,0.39184004,0.06960319
1.3281,0.25243503,0.3301474,0.28024366,0.3219872,0.24568437,0.4338286,0.13661659,0.13515629,0.24950548,-0.12126279,0.27215067,0.11773201,-0.13688324,0.1062605,-0.123442724,0.2031161,0.030405227,-0.2731372,-0.014313526,-0.1512966,-0.15635651,-0.056325354,-0.38760406,-0.17163236,-0.2741945,-0.28621334,-0.23209082,-0.5075578,-0.338821,-0.18780383,-0.3449,-0.14676806,-0.27990654,-0.33360824,-0.2873204,-0.37092957,-0.14836958,-0.39008585,-0.28359887,-0.119813345,-0.22429813,0.13581318,-0.13458194,-0.05867416,0.28686115,-0.08615275,0.15458404,0.009481848,0.16792607,0.38631064,0.06360616,0.45149353,0.22045013,0.11961458,0.45371714,0.14022131
1.332,0.4230023,0.26514056,0.086653754,0.37133253,0.31440344,0.34061638,0.04544699,0.001367067,0.17952424,0.03964208,0.18118024,0.003162431,-0.12417619,-0.06081632,0.007986949,-0.14141811,0.05642887,-0.32741302,-0.10064632,-0.18689287,-0.20064867,-0.11988797,-0.25271472,-0.3720477,-0.2413691,-0.27492422,-0.29639268,-0.4023063,-0.29896426,-0.01190651,-0.3771769,-0.1755759,-0.3294255,-0.19739753,-0.04051496,-0.37881675,-0.08855176,-0.25537187,-0.36529258,0.15298565,-0.20220798,0.07822318,-0.09061867,-0.07730814,0.10087892,0.020921985,0.20864904,0.11413034,-0.018330237,0.3679921,0.12114294,0.392624,0.17915192,0.21352969,0.41455108,0.11551359
1.3359,0.37079486,0.32093495,-0.03293449,0.17416605,0.17641377,0.17814334,0.23762992,-0.12404403,0.19043846,0.1307275,0.07917062,-0.138241,-0.21731569,-0.00024575958,0.067824125,-0.25560987,0.16204779,-0.40764102,-0.3555078,-0.14001201,-0.23024997,-0.13230972,-0.36595964,-0.2295131,-0.0904965,-0.37284952,-0.2781207,-0.47646442,-0.39180943,-0.060570948,-0.25216216,-0.14721836,-0.29927197,-0.3473633,-0.09418699,-0.24818876,-0.008764923,-0.1333471,-0.23415461,0.060326807,-0.12250759,0.21078871,0.09324817,-0.07950316,0.09458553,0.10171229,0.30408397,0.38029632,0.19263916,0.29365817,-0.06731034,0.4255149,0.46025744,0.24210383,0.40128076,0.2811974
1.3398,0.35229954,0.19003573,-0.0067959283,0.20613259,0.19918144,-0.05869443,0.019288905,-0.27386618,-0.049434457,0.1083218,-0.12565611,-0.023321906,-0.31593296,-0.19889545,-0.08027228,-0.31260073,0.004015243,-0.3268727,-0.29694661,-0.12814568,-0.50165826,-0.020471836,-0.31960464,-0.22937365,-0.27232128,-0.40994278,-0.1831158,-0.3967651,-0.43016806,-0.14119989,-0.20905681,0.089589514,-0.09285629,-0.33588785,0.020128924,-0.20451096,0.0061348225,0.028865581,-0.06931244,-0.003847201,-0.12375344,0.20424756,0.18474728,-0.035476282,0.33157712,0.0036530376,0.28117374,0.4081078,0.10385769,0.27957147,0.054158676,0.34963402,0.4683187,0.23758604,0.11504933,0.26910913
1.3438,0.39075086,0.19348578,-0.010714355,-0.054111063,-0.005557606,-0.07403816,0.01328577,-0.2857397,0.14829114,0.1166547,-0.040093243,0.031289835,-0.34741083,-0.34634042,-0.16224387,-0.38094836,-0.056021225,-0.22827262,-0.47454092,-0.15147711,-0.4245559,-0.05686749,-0.15211798,-0.4585055,-0.15303719,-0.32688597,-0.18835925,-0.30508077,-0.34484577,-0.024876762,-0.2972288,0.20566949,-0.15948312,-0.24280494,-0.027711803,-0.25109082,-0.011592447,0.3062234,-0.11007383,0.09856623,-0.012011375,0.023822172,0.2566986,0.11861345,0.29241395,0.16769198,0.39904678,0.49310344,0.1392761,0.20059787,0.18475509,0.29702663,0.56918657,0.040589683,0.092612855,0.13675655
1.3477,0.057585116,0.30033636,-0.029945653,-0.12526453,0.09035981,-0.1247408,-0.095097035,-0.22074746,-0.1124542,0.049528543,-0.28015316,-0.09562661,-0.28604746,-0.4599861,-0.32919365,-0.22992432,-0.021440873,-0.35006607,-0.48319012,-0.27769643,-0.37377906,-0.12768942,-0.21343131,-0.29606342,-0.24195479,-0.3183187,-0.15884143,-0.14164661,-0.25778598,-0.0415074,-0.17171894,0.121184215,0.09508513,-0.3734884,-0.2045932,-0.026328875,0.18134348,0.4298954,0.07200723,0.26230264,-0.0020931181,0.109529495,0.23552155,0.2308651,0.16106597,0.16882709,0.32248014,0.38749838,0.20912538,0.07730906,0.04671584,0.41589785,0.34621283,0.1892044,0.044850312,0.11592911
1.3516,0.107636005,0.24635229,0.041502573,-0.23490307,-0.10751027,-0.34179735,-0.08968484,-0.3201207,-0.17325217,-0.073770195,-0.2687138,-0.055821273,-0.30329463,-0.42641428,-0.19950587,-0.29426327,-0.17265375,-0.2630096,-0.28683093,-0.20321399,-0.6100704,-0.094518065,-0.064588055,-0.27997893,-0.2289701,-0.32653654,-0.3153419,-0.04791442,-0.25849676,0.052469756,-0.09887502,0.21987031,-0.055875797,-0.1701803,-0.06311231,0.08438607,0.17953803,0.43044966,0.22327176,0.16051002,0.096946254,0.079068035,0.38764575,0.22943534,0.18672258,0.33111852,0.21349025,0.33195075,0.43583244,0.07722386,0.089713305,0.0803236,0.46377888,0.19587117,0.15951619,-0.036886003
1.3555,0.13520356,0.2438859,-0.071992286,-0.17263797,-0.12447509,-0.2971174,-0.22643773,-0.33507428,-0.20188184,-0.18522078,-0.47484404,-0.15251051,-0.31746843,-0.3589014,-0.20895077,-0.24921358,-0.16706096,-0.30316997,-0.44648063,-0.36088562,-0.43419114,-0.1321366,-0.0256763,-0.093942694,-0.3673664,-0.4019559,-0.15425512,0.06835791,-0.0977119,-0.056469426,0.034904737,0.2327834,-0.052656807,-0.16558245,-0.060075372,-0.034966674,0.06694036,0.4263982,0.22837427,0.14125043,0.042339195,0.0016714144,0.34942266,0.47178555,0.18035245,0.100650124,0.21457973,0.2918804,0.17493533,0.10745654,0.22883485,0.09685766,0.3677255,0.22376084,-0.11914848,-0.0831692
1.3594,-0.08715027,0.13563816,-0.017926037,-0.30357116,-0.36828735,-0.3351337,-0.19628257,-0.22851978,-0.11621387,-0.26114422,-0.5531054,-0.112831414,-0.21060519,-0.43502206,-0.39035237,-0.2591139,-0.27360514,-0.09950773,-0.43282142,-0.40249434,-0.2248675,-0.055501804,0.17282622,0.21352305,-0.3941813,-0.51798373,-0.06987076,0.17034815,0.0830626,0.039259974,0.19444537,0.3630058,0.03529421,-0.006869821,-0.017680353,0.19740658,0.15438926,0.32649714,0.36990723,0.20162344,0.09672162,-0.006381584,0.31290185,0.36659557,0.162679,0.14140876,-0.08860779,0.13355552,0.4128309,0.28849062,0.3069383,0.051126406,0.17938009,0.30330312,-0.09210709,-0.20622447
1.3633,0.086638525,0.10562673,-0.12043344,-0.3701533,-0.307106,-0.4227778,-0.15652801,-0.075133264,-0.19111803,-0.24264377,-0.4084878,-0.27203465,-0.106561415,-0.27485272,-0.13730274,-0.15956827,-0.24713308,-0.15732428,-0.21812749,-0.37104866,-0.16028161,0.02087737,0.17045632,0.1841075,-0.36875704,-0.32423368,-0.019448183,0.15028138,0.11780972,0.07402293,0.11674203,0.048075207,0.037493777,0.06789045,0.05481083,-0.021001633,0.15565296,0.4172941,0.25021505,0.013748378,0.07844038,0.04499371,0.4583636,0.31641477,0.06660479,0.041099884,-0.07048203,0.10833053,0.41467354,0.31142572,0.3236489,0.09467756,0.045841604,0.028278513,-0.14883015,-0.20622714
1.3672,-0.046134926,0.022593094,-0.020942321,-0.31345293,-0.33822125,-0.65944093,-0.2529331,-0.0045208186,-0.34706393,-0.44707876,-0.50818306,-0.24654213,-0.09160811,-0.083629884,-0.09711029,-0.13827917,-0.37612167,-0.20627843,-0.28888506,-0.20778573,-0.12139129,0.102025494,0.4037195,0.31115815,-0.4341542,-0.31443596,-0.2698603,0.2151177,0.16408016,0.15254003,0.30182987,0.17866728,-0.010096561,0.14950725,0.20278217,0.30464476,0.17309469,0.27812818,0.40908125,0.0766989,0.23712924,0.06758021,0.4855867,0.29967737,-0.008006362,0.15137336,-0.14867617,-0.1568311,0.4321023,0.2040228,0.40601638,-0.08916904,-0.1307085,0.19055913,-0.15918104,-0.19760749
1.3711,-0.05260646,-0.010391572,-0.07222384,-0.48057118,-0.50079864,-0.49167362,-0.19832979,0.17182456,-0.08732826,-0.42947102,-0.5940789,-0.2634304,-0.13430654,-0.15492857,0.027273308,0.1321251,-0.42344075,-0.13972837,-0.1602968,-0.22163391,0.011699496,0.13241848,0.40735,0.33229876,-0.38522148,-0.20255609,-0.16518691,0.14931218,0.26134363,0.15102711,0.24529545,0.016004136,0.22961035,0.2808703,0.21459848,0.2169324,0.062397957,0.3673055,0.30655473,-0.062421065,0.18492891,0.15511993,0.4164827,0.27545506,0.12339543,0.2633631,-0.19487777,-0.37240407,0.4471167,0.33828583,0.28712857,0.004691534,-0.2678484,-0.105473734,-0.18089484,-0.30371907
1.375,-0.19282158,-0.08887293,-0.15703312,-0.27953053,-0.5085974,-0.19206648,-0.1256829,0.2708636,-0.18236111,-0.4097905,-0.38421002,-0.19382074,0.08927241,0.12294184,0.10202936,0.19542398,-0.37646577,-0.25133428,0.05279068,-0.15837851,0.059931867,0.02571707,0.34360754,0.50605345,-0.22141013,-0.17153034,-0.13618286,0.1335229,0.39913088,0.32169878,0.40379813,-0.20043316,0.037030604,0.32320893,0.28034094,0.39976606,0.02140115,0.012439525,0.18411204,-0.0085655,0.17917927,0.23800142,0.26192164,0.31076658,0.31668538,0.037100285,-0.42749605,-0.44319582,0.38019925,0.3362267,0.23546644,-0.03864945,-0.32543018,-0.23591506,-0.25295895,-0.09500396
1.3789,-0.11387724,-0.34833473,-0.1569101,-0.070706815,-0.5215067,-0.2886317,-0.15119526,0.36670431,-0.11978383,-0.2741108,-0.22909358,-0.42286453,-0.15488954,0.21534005,0.22777419,0.3130942,-0.44120455,-0.25983357,0.03494518,0.086134575,0.1810928,0.20715773,0.30752525,0.13611199,-0.17153737,-0.046946265,-0.017905243,0.112372845,0.34605536,0.35094118,0.22132318,-0.14795913,0.026966954,0.30717576,0.44844142,0.2851565,0.13779323,0.04066164,0.13967244,-0.11773548,0.45333478,0.2301513,0.1359687,0.2356755,0.29087678,-0.006533595,-0.34870833,-0.36245605,0.36022744,0.3601804,0.13640338,-0.04354519,-0.4419938,-0.20765956,-0.34527192,0.0057167714
1.3828,-0.11067959,-0.46526775,-0.19921352,-0.15368846,-0.2788264,-0.29349652,-0.016932713,0.43854517,-0.20879489,-0.35776424,-0.23243785,-0.30009407,0.044428363,0.32871944,0.32592437,0.22639431,-0.5844948,-0.315226,-0.031400245,0.30359417,0.2030457,0.14262365,0.29072827,0.25665092,-0.112546586,-0.046231426,-0.067687675,0.25552553,0.39313534,0.42643845,0.13936034,-0.070002586,-0.057541154,0.34470937,0.5904211,0.36629096,-0.042891607,-0.17244874,-0.105375454,-0.1394044,0.2865929,0.28365037,0.098796114,0.19536541,0.07684708,-0.023965815,-0.29738984,-0.4477308,0.2796504,0.3049706,0.165523,-0.060913492,-0.27762878,-0.27401426,-0.025533117,0.014377039
1.3867,-0.1807626,-0.27999428,-0.25564077,-0.10766317,-0.17671688,0.060235325,0.07924446,0.3972782,-0.07715175,-0.19520742,-0.29209095,-0.15557201,0.051712476,0.35467866,0.43099564,0.2236035,-0.54263085,-0.3058732,0.15967794,0.27283922,0.30909607,0.079885334,0.04392843,0.15532485,-0.013496526,0.011127562,0.20996833,0.15951756,0.48192504,0.30193016,0.12665983,-0.32431018,-0.07048568,0.2261931,0.5175981,0.30719176,0.026408996,-0.21317755,-0.25824353,-0.08700067,0.44494954,0.24389108,0.09191865,0.02352054,-0.056158755,-0.11726208,-0.25738797,-0.39880815,0.116429254,0.392086,0.19710432,-0.015948024,-0.5271889,-0.33653125,-0.14696397,-0.093525305
1.3906,-0.18056099,-0.3097977,-0.15116465,-0.0317534,-0.11479647,0.0818474,0.08678707,0.20314236,-0.18950407,-0.10703277,-0.1987311,-0.040908862,0.124289855,0.41451645,0.2655141,0.20883587,-0.4974675,-0.13558593,0.10270277,0.4382816,0.30866936,0.24756576,0.028158665,-0.04474014,0.16475831,0.26987386,0.15155311,0.022528982,0.16270225,0.20466626,-0.009440475,-0.25164697,0.059796114,0.3053876,0.45374364,0.33050707,-0.009787929,-0.24580337,-0.2192933,-0.11093496,0.36686274,0.34293023,-0.0012858092,-0.027668009,-0.06356277,-0.1129596,-0.14027907,-0.20312615,0.18404968,0.20050013,0.14136882,-0.14192884,-0.38820615,-0.4474864,-0.21831143,0.1791943
1.3945,-0.17167729,-0.5023219,-0.33293417,0.021214169,0.16239323,0.26961616,0.12881881,0.12163457,-0.17552094,-0.1486013,-0.053140953,-0.06334799,0.16682333,0.51964396,0.27416006,0.2018259,-0.4411067,-0.29056814,0.24613608,0.47676808,0.48520166,0.23967776,-0.050372828,-0.0865753,0.037015516,0.16935281,0.20441261,0.13915703,0.1356419,0.19209555,-0.18325041,-0.22029568,-0.11673625,0.19869754,0.4240176,0.4450803,-0.024009302,-0.27335468,-0.25949132,-0.18542978,0.52662075,0.31409785,0.10938766,-0.19126122,-0.15998463,-0.12888688,-0.084315,-0.21726812,0.16392933,0.11732338,0.038823962,-0.102948606,-0.32184657,-0.3161104,-0.018397398,0.16637138
1.3984,-0.24612504,-0.57423717,-0.3725816,-0.18085326,0.19913012,0.29836762,0.1628617,0.07556724,-0.25997642,-0.124490924,0.046928957,-0.018513095,0.21906239,0.28702292,0.26402476,-0.049522884,-0.29489127,-0.18209074,0.07448909,0.36735606,0.5154986,0.12263411,-0.33953705,-0.19851844,0.032852583,0.2966731,0.3952369,0.036015667,0.20114696,-0.05455456,-0.12055779,-0.2722142,-0.034934152,0.14302506,0.33499825,0.24522863,-0.02486827,-0.3759389,-0.47965625,-0.19795623,0.53429866,0.3099299,-0.15203601,-0.27539003,-0.2506985,-0.22436322,-0.0425922,-0.16444711,0.043389656,0.013891652,-0.010296641,-0.20118111,-0.2583303,-0.3563579,0.015038917,0.2704996
1.4023,-0.17937353,-0.4185048,-0.5225958,-0.1506515,0.22372013,0.38130575,0.111809865,-0.07185855,-0.15567164,-0.12230816,0.018799866,0.14957601,0.09049679,0.24302244,0.19638664,0.040098768,-0.2512682,-0.24288632,0.18667515,0.39060417,0.49175823,0.12112601,-0.23435077,-0.494288,-0.08321281,0.4116905,0.32922652,0.24500336,-0.03826642,-0.051624924,-0.15924247,-0.1882699,0.08753693,0.09686607,0.22347364,0.34362152,0.048016887,-0.30222303,-0.4162025,-0.012950013,0.46535265,0.49052438,-0.024522366,-0.37352204,-0.5676651,-0.15549825,0.121608794,0.090304635,0.21851785,-0.17412366,-0.027481232,-0.22111948,-0.16484024,-0.23114832,0.08588875,0.43544292
1.4062,-0.16616909,-0.33081833,-0.4220419,-0.005000165,0.2964985,0.4171168,0.19164187,-0.23906887,-0.209711,-0.1279873,0.12485374,0.24651673,0.19713318,0.2658673,0.09045799,-0.08293272,-0.123760454,-0.06831581,0.23466402,0.23754889,0.3212681,0.085293196,-0.46005002,-0.27963865,0.00667807,0.4397722,0.40351412,0.07165425,-0.19072248,-0.18212831,-0.27667877,-0.22467957,0.2721505,0.13182147,0.2861769,0.07804337,-0.21817338,-0.36598957,-0.26048562,-0.03908968,0.49480256,0.16391718,0.057517834,-0.24695238,-0.19016595,-0.066600084,0.15982074,0.30422583,0.19160521,-0.16200206,-0.18798654,-0.019147484,-0.030936573,-0.048943814,0.1658362,0.11573845
1.4102,-0.11379402,-0.22638576,-0.3413828,-0.06734369,0.41543207,0.4560512,0.21118136,-0.28449458,-0.40144324,-0.07127586,0.21539791,0.23659049,0.17622206,-0.03243698,-0.07155642,-0.20796065,-0.08137033,-0.13178818,0.042759024,0.2439852,0.222864,0.08971668,-0.35650402,-0.5332528,0.02463175,0.4489121,0.34506106,0.1621319,-0.24575388,-0.27400297,-0.1582581,-0.03222685,0.21154532,0.3009937,-0.022173638,0.13376483,-0.056252174,-0.22920686,-0.23442899,-0.04561417,0.36853385,0.17278789,-0.067880034,-0.4629407,-0.3484282,-0.015350116,0.27443096,0.3637797,0.18131419,-0.13556144,-0.1569302,-0.21489134,-0.038012225,0.034686863,0.07244523,0.17147617
1.4141,-0.05850276,-0.27213845,-0.31719258,0.10074987,0.34708932,0.5586778,0.021456309,-0.35433257,-0.42754862,-0.14946277,0.29512408,0.35873073,0.039166335,0.046239734,-0.16019462,-0.30631998,0.0062240693,0.029864026,0.11175631,0.1314887,0.3150453,-0.0024356563,-0.41184053,-0.2622325,0.016064575,0.41708067,0.30849186,0.18677033,-0.24509916,-0.40477923,-0.28272963,0.20938787,0.33767098,0.18170233,0.049865257,-0.18779315,-0.33067337,-0.0854684,-0.044830434,0.013165232,0.49502045,0.30068308,-0.030361183,-0.2956139,-0.40889567,0.05709657,0.38710338,0.3147928,0.21316111,-0.12015038,-0.3721995,-0.10734136,0.092523396,0.30662566,0.13330773,0.1977446
1.418,-0.2083684,-0.28125206,-0.08628951,0.007826081,0.23893835,0.4167415,0.040028363,-0.39757434,-0.4637841,-0.17351437,0.29237342,0.47618687,0.31137595,-0.1701581,-0.2758922,-0.1530375,0.029325332,0.118272655,0.18964306,0.07318751,0.17179787,-0.1949642,-0.16095975,-0.23126246,-0.038576916,0.4412618,0.3557112,0.022189554,-0.16549933,-0.48447755,-0.11157181,0.2538214,0.3672945,0.13603158,-0.091813676,-0.173454,-0.053397,-0.039102264,0.12066367,0.2196222,0.33781436,0.19606934,0.015053945,-0.284825,-0.3663015,0.032778457,0.3570213,0.50435203,0.18339978,-0.30611652,-0.37097052,-0.11487606,0.1410264,0.2945975,0.22168314,-0.03591523
1.4219,-0.13942192,-0.2597647,-0.11115443,-0.070019275,0.23378116,0.15704459,-0.06648648,-0.35649282,-0.3306664,-0.28178382,0.32864964,0.5624394,0.054902177,-0.093511544,-0.498728,0.00019042236,0.048468523,0.37542394,0.14181802,-0.012527887,0.059529033,0.023593808,-0.27211988,-0.13057536,0.052079067,0.471173,0.53552365,0.07968194,-0.3229389,-0.40238515,-0.013376225,0.3593485,0.5077128,0.32834825,-0.21314147,-0.27233058,-0.32105732,-0.006517523,0.16573703,0.2227755,0.16589592,0.039665446,0.056082617,-0.15682638,-0.12386768,0.08093815,0.3856183,0.38432327,0.28632498,-0.30584773,-0.43640456,-0.062172435,0.3195404,0.3980214,0.33303642,-0.16913809
1.4258,-0.026153805,-0.1321848,0.098055124,0.036466926,0.04177026,0.2217936,-0.06693995,-0.1886387,-0.39244047,-0.25011945,0.46213895,0.48592702,0.17839766,-0.2007769,-0.42981362,0.073553406,0.15326254,0.32717565,0.27739453,-0.017114408,-0.11084472,-0.06994737,-0.20859537,0.03948046,0.089217275,0.3715042,0.3696123,0.08484406,-0.31106448,-0.29705134,0.034297507,0.38820928,0.31932884,0.25530577,-0.11460067,-0.18692496,0.011837658,0.101423725,0.36165702,0.2520565,0.18973726,-0.009398061,-0.19454631,-0.16087295,-0.027559374,0.15151943,0.39339703,0.29976225,0.320401,-0.15305308,-0.360909,-0.26500407,0.4171176,0.38266098,0.11013829,-0.08009066
1.4297,-0.20646359,-0.10018078,0.10811519,-0.009880506,0.08371276,0.17447996,-0.011374452,-0.17144546,-0.33496922,0.03223452,0.4558987,0.4184023,0.14853144,-0.23803003,-0.4670213,0.044306718,0.16572042,0.30097193,0.28874242,0.025297714,-0.12581272,-0.1999883,0.032431517,0.22196838,0.19311126,0.16541255,0.2761011,0.009621575,-0.31658283,-0.2463938,0.05226595,0.5462704,0.50113255,0.32881632,-0.12715556,-0.3448214,-0.19532122,0.27234912,0.4136309,0.29162523,0.12585361,-0.08265095,-0.24954444,-0.109096244,0.07751383,0.08219301,0.3054497,0.16775787,0.2430146,-0.04609177,-0.50029784,-0.05743042,0.18624698,0.51419777,0.23924571,-0.3060061
1.4336,-0.23156455,-0.105887875,0.20271474,0.24473947,0.059618555,0.07507486,-0.10998102,0.11353621,-0.15461166,-0.06601172,0.39356646,0.37148657,0.09966295,-0.24786967,-0.32129383,0.23721944,0.13877285,0.44405013,0.32461333,-0.027301293,-0.32409406,-0.23903295,0.09416855,0.36483833,0.2700363,0.22145669,0.101693034,-0.02533277,-0.15957646,0.036628634,0.123002045,0.30874047,0.4185135,0.25804934,-0.026719512,-0.5550941,-0.055934496,0.1673193,0.35800564,0.2887752,0.07495945,-0.030288095,-0.27362415,-0.091401055,0.22602932,0.098246954,0.24953382,-0.11167467,0.09633413,-0.08988294,-0.43539998,-0.10442487,0.119426794,0.3290896,0.22643414,-0.3340325
1.4375,-0.17876068,0.16253282,0.2770459,0.30667564,-0.0053384835,-0.14789315,-0.28328264,0.0653835,-0.1909731,-0.015689922,0.4664192,0.35530812,-0.010509788,-0.25519517,-0.14890146,0.15069868,0.20859508,0.5788867,0.3650002,-0.15498753,-0.2655575,-0.11194466,0.10008496,0.3583871,0.39939052,0.2678291,0.1529704,-0.21399754,-0.22854659,0.12244946,0.10108764,0.3796779,0.47177866,0.37082422,-0.056124017,-0.51760215,-0.049129173,0.20743659,0.3571929,0.19998974,-0.06877667,-0.086535566,-0.37515855,0.058479697,0.2763897,0.14144664,0.21985611,-0.13992326,0.072094984,-0.07578749,-0.5211415,-0.11247388,0.29327136,0.3688933,0.120837525,-0.39578298
1.4414,-0.1581108,0.17106019,0.3492613,0.33112285,0.05304354,-0.11865715,-0.10107905,0.14983372,-0.08290668,0.25265357,0.27700362,0.22372475,0.026227785,-0.15829657,-0.27591753,0.2703207,-0.06905479,0.2997617,0.3599434,-0.07093736,-0.2613423,-0.14733374,0.3163295,0.4307947,0.34061053,0.12195648,-0.1122584,-0.13894826,-0.1199797,0.13763632,0.17100836,0.15515868,0.29503024,0.17670824,-0.1500251,-0.49591836,-0.13219453,0.3276651,0.3138011,0.20053598,0.052829027,-0.12682538,-0.42266697,-0.03211611,0.37152836,0.045257505,-0.019905413,-0.22253975,0.038889643,-0.26243764,-0.29171985,-0.04544844,0.29673505,0.2399833,-0.013651889,-0.40433925
1.4453,-0.24983566,0.14040516,0.52052206,0.46185315,-0.04604968,-0.20944786,-0.012033524,0.2706447,-0.14261265,0.2639461,0.38701862,0.15118507,-0.2215359,-0.04876229,0.31062993,0.18292306,0.0724198,0.34098998,0.33200532,-0.14080845,-0.27221417,-0.06860162,0.16164698,0.35125855,0.30143163,0.24489154,-0.22251199,-0.28214693,-0.123822905,0.44004902,0.16263889,0.13830541,0.3024842,0.25017384,0.0048831888,-0.330004,-0.087530635,0.23061708,0.321296,0.08691114,-0.104541406,-0.42962882,-0.42813116,0.12133715,0.41293862,0.14747752,-0.21963745,-0.2970348,-0.027784673,-0.25643125,-0.18328695,0.09924957,0.32086334,-0.010733587,-0.11080223,-0.26092732
1.4492,-0.18004969,-0.0050138133,0.23562635,0.45914114,0.036249306,-0.13688055,-0.07853684,0.3556607,0.06526938,0.36565638,0.25841448,-0.046440925,-0.17936705,-0.07081148,0.29943386,0.16463369,0.055615623,0.35042962,0.21220541,-0.038583588,-0.3475391,0.0029772727,0.23472303,0.22361301,0.46815345,0.075907506,-0.23569837,-0.27746522,0.046436887,0.3598408,0.057126217,-0.21911065,0.23314057,-0.024734639,-0.07640588,-0.29995203,-0.07793149,0.11574369,0.18389033,-0.0933883,-0.20695598,-0.4590707,-0.28922257,-0.0022555583,0.36499906,0.15979193,-0.24254373,-0.37327436,-0.18109694,-0.4420495,-0.13715786,0.12994635,0.1834863,-0.11081529,-0.50566655,-0.11372415
1.4531,-0.24216773,0.12979685,0.25305995,0.31292385,0.011691378,-0.4113334,0.062423386,0.39403945,0.1729785,0.36376303,0.4110653,0.023814062,-0.28185612,-0.05241527,0.30058175,0.10708518,0.14988008,0.28746083,0.12921198,-0.06893021,-0.48645002,-0.050138857,0.23865691,0.11674804,0.46333343,0.04867275,-0.12539987,-0.27922347,-0.05605323,0.28081918,0.092397526,-0.2403885,0.10786469,-0.06656525,-0.106403425,-0.3250383,0.09374252,0.27225828,0.01639301,-0.14527984,-0.05311547,-0.49383622,-0.4112762,-0.0133202765,0.31378156,-0.016739512,-0.31552106,-0.38121524,-0.29173553,-0.3507266,-0.06421497,0.12200388,0.187376,-0.26842695,-0.25612888,-0.25580797
1.457,-0.26557305,0.110644236,0.334018,0.09177975,-0.29274613,-0.39154506,-0.012895573,0.4975757,0.07649669,0.36940968,0.022368439,-0.2611537,-0.3443233,-0.012780157,0.52969164,-0.06971595,0.17009658,0.23658659,0.059207827,-0.1534646,-0.32717448,-0.044997826,0.2831597,-0.06885936,0.48265043,0.093711734,-0.19314322,-0.3235388,0.026766103,0.271193,0.026200373,-0.3842875,0.03679963,-0.035752527,-0.27896592,-0.27039662,0.054559696,0.025496997,-0.15197298,-0.33380902,-0.08739027,-0.3019509,-0.36843288,-0.008542367,0.3324325,0.019820234,-0.34112275,-0.49097592,-0.18617387,-0.5514111,0.023747198,0.10229487,0.16532509,-0.28372765,-0.38477716,0.009219746
1.4609,-0.30304107,0.091234095,0.32966694,0.19944674,-0.044299517,-0.34871694,-0.02580878,0.21637015,0.11179985,0.3677401,0.0065763853,-0.29980817,-0.29806274,0.10916105,0.348456,0.08853554,-0.060804155,0.10488187,-0.04506486,-0.30579093,-0.12017681,0.11180383,0.23990539,-0.17707755,0.40404406,-0.03123551,-0.4150192,-0.34960905,-0.10516352,0.38475657,-0.07800086,-0.406206,0.05100362,-0.21259286,-0.36250207,-0.090313554,0.0752459,0.026789127,-0.27539265,-0.3245198,-0.09354148,-0.3630635,-0.40140134,0.075374,0.03970967,-0.10957072,-0.27417973,-0.2588041,-0.41813785,-0.31369463,0.10128571,0.15965773,0.11426126,-0.394397,-0.28917396,0.14905035
1.4648,-0.17781016,0.1485676,0.32194567,0.079739496,-0.4311912,-0.31133518,0.13323742,0.24701352,-0.08959523,0.23780487,0.038685404,-0.33588812,-0.26373798,0.15107867,0.32857743,-0.15765375,0.15868415,0.2532727,-0.18109731,-0.2986984,-0.2676558,0.08145341,0.13252422,-0.2563981,0.3918536,-0.025014142,-0.45773113,-0.30377373,0.050229598,0.33106562,0.045513403,-0.34046325,0.080601975,-0.119903974,-0.34951735,-0.13568717,0.22270054,-0.06857513,-0.36907846,-0.28940913,-0.25629583,-0.36895448,-0.21871199,0.03417455,0.037424162,-0.18384416,-0.47412616,-0.19526796,-0.41641465,-0.2900105,0.18125904,0.3404165,0.040150095,-0.42572266,-0.40427655,0.2442839
1.4688,-0.36610043,0.10354329,0.24127313,-0.059350047,-0.31746864,-0.2710675,0.013995382,0.077610634,-0.03630785,0.27997306,-0.009617568,-0.24927606,-0.35880736,0.0317277,0.19223331,-0.26719412,-0.01960663,-0.0045444597,-0.21705191,-0.40662178,-0.116670415,0.16243984,-0.057452876,-0.3840775,0.23783822,0.014306526,-0.535898,-0.2503396,-0.015363278,0.18533078,-0.20741823,-0.37029213,0.00577198,-0.35109907,-0.4576434,0.07973475,0.15287133,-0.10118128,-0.39582974,-0.22206837,-0.080223344,-0.32577983,-0.043204956,0.14713728,0.05059858,0.009983398,-0.16144559,0.1214243,-0.43073392,-0.35560524,0.26717466,0.22058064,-0.14684474,-0.36585388,-0.32963306,0.4446507
1.4727,-0.4889581,0.118978,0.112723365,-0.12356255,-0.25054595,-0.32794386,0.13415217,-0.18498512,-0.14381307,0.25010657,0.065872535,-0.4621708,-0.23590456,0.0543595,0.24383464,-0.37637475,0.008880639,0.053469613,-0.4490833,-0.48298347,0.090790205,0.06978104,-0.31675127,-0.2963988,0.17183769,-0.17337555,-0.393166,-0.11588231,0.08661552,0.1300674,-0.26148525,-0.22801341,0.043546986,-0.32622,-0.38088185,0.16828729,0.22211859,-0.1912727,-0.37692738,-0.116137184,-0.02239597,-0.30598086,-0.15477645,0.20247944,-0.03844588,-0.2437099,-0.0357347,0.25517118,-0.36971134,-0.40941688,0.2394523,0.32506597,-0.071745194,-0.42848587,0.08408285,0.44537
1.4766,-0.1956292,0.12689091,0.15929015,-0.38217008,-0.38291505,-0.063084565,0.23751158,-0.1312329,-0.0932624,0.3163582,-0.16483442,-0.4872212,-0.22615622,0.15689489,0.00042609381,-0.35599694,0.1131401,0.12681703,-0.41246256,-0.33223027,0.12898111,0.1580569,-0.17822614,-0.6018643,0.038596373,-0.09020974,-0.35539886,-0.13718577,0.33444586,0.05829314,-0.29294863,-0.25348195,-0.056425113,-0.19300103,-0.34461337,0.20852765,0.2676817,-0.104550794,-0.45666856,0.008426659,-0.05190624,-0.33892,0.14337546,0.2923781,-0.03127008,-0.2740496,-0.013301853,0.22281075,-0.16294795,-0.17660688,0.3342646,0.53503495,-0.06644519,-0.23040958,0.03907834,0.58056444
1.4805,-0.31697756,0.12896854,0.11113733,-0.21585886,-0.46660435,0.087187774,-0.029815054,-0.19340882,-0.0008117389,0.15153167,-0.0739986,-0.46040338,-0.20999852,0.2676482,-0.080274306,-0.2249958,0.15127258,0.03899272,-0.39454302,-0.27784902,0.36167136,0.223714,-0.14716968,-0.3340607,0.17916033,-0.00984851,-0.2622137,-0.015876675,0.28979132,-0.036864582,-0.32827407,-0.12439661,0.08026753,-0.42066076,-0.35221046,0.3371062,0.20863114,-0.16930346,-0.31050763,0.26512825,0.02597835,-0.16766535,0.14265902,0.35207465,0.08587583,-0.15544096,0.11388492,0.3778627,-0.11645671,0.034762822,0.4009985,0.34944174,-0.11331421,-0.07629156,0.23208451,0.48345134
1.4844,-0.23143388,0.0021191873,0.010795971,-0.47843173,-0.39687505,0.10536538,-0.023623835,-0.4172925,-0.011682005,-0.039498564,-0.07462601,-0.2532114,-0.05928795,0.26216212,-0.07811472,-0.17654213,0.10814385,-0.028771471,-0.42652917,-0.1834291,0.20312932,0.19562823,-0.18747234,-0.25275105,0.14984816,-0.069168724,-0.19608445,0.15337889,0.25573632,-0.08175821,-0.17075223,0.08736051,0.20874637,-0.38938805,-0.12524247,0.3785279,0.20045517,-0.11002212,-0.20246287,0.22284913,0.09741067,-0.17324424,0.20961376,0.39665234,-0.030196175,-0.12881492,0.1713545,0.44011647,-0.18109018,0.026799755,0.4009789,0.3323578,-0.12582119,-0.012008303,0.40956336,0.42761374
1.4883,-0.08960337,0.18137728,0.04494748,-0.35646936,-0.1573475,0.3571917,-0.0551568,-0.37503874,-0.06597114,0.14177182,-0.12201964,-0.5269455,0.049067464,0.100236036,-0.17246374,-0.39490724,0.32572198,-0.046442736,-0.20678616,-0.18831494,0.25082812,0.0593969,-0.23891936,-0.04264624,0.25523823,0.03359493,-0.21540017,0.15499176,0.5372224,-0.080045976,-0.21492818,0.22343159,0.20390606,-0.28240386,-0.054439694,0.45395842,0.31644166,-0.22371536,0.09384712,0.3618481,0.021367854,-0.20733915,0.31653622,0.38946617,-0.1717032,-0.061784085,0.29283497,0.4774288,-0.11541498,0.15949465,0.3219938,0.14053898,-0.02322772,0.14376427,0.49425408,0.1285085
1.4922,-0.24940637,0.17696407,-0.0197219,-0.51351726,-0.26607218,0.2645964,-0.036067024,-0.47901145,0.015277666,0.3848508,-0.2537828,-0.31381258,0.13003342,0.18239427,-0.23853953,-0.19967897,0.37818298,0.04915266,-0.27947262,0.07203125,0.46435112,-0.010311084,-0.32902807,0.112450935,0.29266745,-0.19870147,-0.092628956,0.1881453,0.23973365,-0.0720018,-0.12656665,0.32784015,0.15341276,-0.123006836,0.06558308,0.34219655,0.13481422,-0.0023317323,0.2647999,0.41490772,0.04227216,-0.03950731,0.37405774,0.48579794,-0.094886,0.08711963,0.42027497,0.22244714,-0.14915979,0.088927925,0.3427233,0.05556936,-0.21544676,0.122207604,0.52601165,0.032659587
1.4961,-0.15972583,0.16751441,-0.0867479,-0.40456763,0.09494409,0.39042768,-0.1097829,-0.37586573,0.091190405,0.2826229,-0.07765739,0.05425081,0.31499198,0.12595947,-0.14313677,-0.12922008,0.45097372,0.017712204,-0.21337618,0.07206242,0.3080034,0.030694325,-0.22214104,0.20008099,0.36187035,-0.21415432,-0.12220867,0.40251392,0.38036612,-0.18850803,-0.031167232,0.34731954,0.1728477,-0.27796772,0.19596264,0.4923996,0.05929945,-0.28179345,0.086880095,0.3981254,0.023931896,-0.088401355,0.5191841,0.35364765,-0.10279086,-0.06459182,0.45607448,0.07827548,-0.25344583,0.08631507,0.43151885,0.122469075,-0.115210146,0.17176452,0.4125422,-0.090585634
1.5,-0.12009578,0.43213496,0.0077122697,-0.15045832,0.14249223,0.31999162,-0.02012965,-0.09941832,0.3104776,0.19090983,-0.08832748,-0.013360048,0.38190612,0.15096198,-0.008617499,0.15514727,0.3749667,0.08943123,-0.21089813,0.26801085,0.38425228,0.020737194,0.036168374,0.34974453,0.33514413,-0.040268585,0.030160317,0.40212774,0.13336226,-0.08748405,0.033418715,0.539607,0.07030402,-0.10193554,0.32085162,0.5055302,0.00018686532,-0.22912392,0.44286546,0.2079695,-0.16706073,-0.022282617,0.4299698,0.44122365,-0.16122872,0.010090084,0.46401605,0.11330254,-0.03117126,0.14630488,0.4453816,-0.05091668,-0.16397834,0.15332003,0.21686345,-0.05611597
